mtllib Tree.mtl
o Lathe_1
usemtl Material_1
v -2.8869762420654297 -0.280305922031403 1.674999713897705
v -1.8044438362121582 0.2934552431106565 1.0499999523162842
v -2.0857911109924316 -0.2727908492088318 -6.057173633973884e-17
v -2.8869762420654297 -0.280305922031403 1.674999713897705
v -1.0357906818389893 0.29345524311065635 1.8186535835266113
v -1.8044438362121582 0.2934552431106565 1.0499999523162842
v 0.01420903205871582 -0.2803059220314033 3.34999942779541
v 0.01420903205871582 0.2934552431106563 2.0999999046325684
v -1.0357906818389893 0.29345524311065635 1.8186535835266113
v 0.01420903205871582 -0.2803059220314033 3.34999942779541
v 0.8288559913635254 -0.277816712856293 1.347947120666504
v 0.01420903205871582 0.2934552431106563 2.0999999046325684
v 2.9153928756713867 -0.280305922031403 1.674999713897705
v 1.8328614234924316 0.2934552431106565 1.0499999523162842
v 0.8288559913635254 -0.277816712856293 1.347947120666504
v 2.9153928756713867 -0.280305922031403 1.674999713897705
v 2.114208221435547 -0.2727908492088318 -1.5943470549846037e-7
v 1.8328614234924316 0.2934552431106565 1.0499999523162842
v 2.9153928756713867 -0.2803059220314022 -1.674999713897705
v 1.8328614234924316 0.40355861186981223 -1.067819356918335
v 2.114208221435547 -0.2727908492088318 -1.5943470549846037e-7
v 2.9153928756713867 -0.2803059220314022 -1.674999713897705
v 1.064208745956421 -0.24919730424880931 -2.2106738090515137
v 1.8328614234924316 0.40355861186981223 -1.067819356918335
v -2.0857911109924316 -0.2727908492088318 -6.057173633973884e-17
v -1.1778171062469482 1.0612757205963133 0.6882164478302004
v -1.3622241020202637 1.0612757205963135 2.3565054809633634e-16
v -2.0857911109924316 -0.2727908492088318 -6.057173633973884e-17
v -1.8044438362121582 0.2934552431106565 1.0499999523162842
v -1.1778171062469482 1.0612757205963133 0.6882164478302004
v -1.8044438362121582 0.2934552431106565 1.0499999523162842
v -1.0357906818389893 0.29345524311065635 1.8186535835266113
v -1.1778171062469482 1.0612757205963133 0.6882164478302004
v -1.0357906818389893 0.29345524311065635 1.8186535835266113
v -0.6740076541900635 1.0612757205963133 1.1920258998870852
v -1.1778171062469482 1.0612757205963133 0.6882164478302004
v -1.0357906818389893 0.29345524311065635 1.8186535835266113
v 0.014208875596523285 1.0612757205963133 1.3764328956604006
v -0.6740076541900635 1.0612757205963133 1.1920258998870852
v -1.0357906818389893 0.29345524311065635 1.8186535835266113
v 0.01420903205871582 0.2934552431106563 2.0999999046325684
v 0.014208875596523285 1.0612757205963133 1.3764328956604006
v 0.01420903205871582 0.2934552431106563 2.0999999046325684
v 0.8288559913635254 -0.277816712856293 1.347947120666504
v 0.014208875596523285 1.0612757205963133 1.3764328956604006
v 0.8288559913635254 -0.277816712856293 1.347947120666504
v 0.702425479888916 1.0612757205963133 1.1920258998870852
v 0.014208875596523285 1.0612757205963133 1.3764328956604006
v 0.8288559913635254 -0.277816712856293 1.347947120666504
v 1.2062342166900635 1.0612757205963133 0.6882164478302004
v 0.702425479888916 1.0612757205963133 1.1920258998870852
v 0.8288559913635254 -0.277816712856293 1.347947120666504
v 1.8328614234924316 0.2934552431106565 1.0499999523162842
v 1.2062342166900635 1.0612757205963133 0.6882164478302004
v 1.8328614234924316 0.2934552431106565 1.0499999523162842
v 2.114208221435547 -0.2727908492088318 -1.5943470549846037e-7
v 1.2062342166900635 1.0612757205963133 0.6882164478302004
v 2.114208221435547 -0.2727908492088318 -1.5943470549846037e-7
v 1.3906407356262207 1.0612757205963135 -7.889660456921727e-8
v 1.2062342166900635 1.0612757205963133 0.6882164478302004
v 2.114208221435547 -0.2727908492088318 -1.5943470549846037e-7
v 1.2062342166900635 1.0612757205963137 -0.6882164478302
v 1.3906407356262207 1.0612757205963135 -7.889660456921727e-8
v 2.114208221435547 -0.2727908492088318 -1.5943470549846037e-7
v 1.8328614234924316 0.40355861186981223 -1.067819356918335
v 1.2062342166900635 1.0612757205963137 -0.6882164478302
v 1.8328614234924316 0.40355861186981223 -1.067819356918335
v 1.064208745956421 -0.24919730424880931 -2.2106738090515137
v 1.2062342166900635 1.0612757205963137 -0.6882164478302
v 1.064208745956421 -0.24919730424880931 -2.2106738090515137
v 0.702425479888916 1.0612757205963137 -1.1920258998870847
v 1.2062342166900635 1.0612757205963137 -0.6882164478302
v 1.064208745956421 -0.24919730424880931 -2.2106738090515137
v 0.014209195971488953 1.0612757205963137 -1.3764328956604002
v 0.702425479888916 1.0612757205963137 -1.1920258998870847
v 1.064208745956421 -0.24919730424880931 -2.2106738090515137
v -0.14759612083435059 -0.3042489290237422 -2.225217342376709
v 0.014209195971488953 1.0612757205963137 -1.3764328956604002
v -0.14759612083435059 -0.3042489290237422 -2.225217342376709
v -1.6683030128479004 -0.24919730424880918 -2.872605323791504
v 0.014209195971488953 1.0612757205963137 -1.3764328956604002
v -1.6683030128479004 -0.24919730424880918 -2.872605323791504
v -0.6740071773529053 1.0612757205963137 -1.1920258998870847
v 0.014209195971488953 1.0612757205963137 -1.3764328956604002
v -1.6683030128479004 -0.24919730424880918 -2.872605323791504
v -1.1778168678283691 1.0612757205963137 -0.6882166862487791
v -0.6740071773529053 1.0612757205963137 -1.1920258998870847
v -1.6683030128479004 -0.24919730424880918 -2.872605323791504
v -1.8044438362121582 -0.2727909684181211 -1.067819356918335
v -1.1778168678283691 1.0612757205963137 -0.6882166862487791
v -1.8044438362121582 -0.2727909684181211 -1.067819356918335
v -2.0857911109924316 -0.2727908492088318 -6.057173633973884e-17
v -1.1778168678283691 1.0612757205963137 -0.6882166862487791
v -2.0857911109924316 -0.2727908492088318 -6.057173633973884e-17
v -1.3622241020202637 1.0612757205963135 2.3565054809633634e-16
v -1.1778168678283691 1.0612757205963137 -0.6882166862487791
vt 0.9991836547851562 0.4608691334724426
vt 0.9645808935165405 0.46606773138046265
vt 0.9988136291503906 0.5247780084609985
vt 0.9991836547851562 0.4608691334724426
vt 0.9644990563392639 0.40308964252471924
vt 0.9645808935165405 0.46606773138046265
vt 0.9990220665931702 0.3369372487068176
vt 0.9644137024879456 0.3376654386520386
vt 0.9644990563392639 0.40308964252471924
vt 0.9990220665931702 0.3369372487068176
vt 0.9987795352935791 0.26628577709198
vt 0.9644137024879456 0.3376654386520386
vt 0.9988597631454468 0.21300524473190308
vt 0.9642461538314819 0.20926231145858765
vt 0.9987795352935791 0.26628577709198
vt 0.9988597631454468 0.21300524473190308
vt 0.9983237385749817 0.14911556243896484
vt 0.9642461538314819 0.20926231145858765
vt 0.9987087845802307 0.09669184684753418
vt 0.957453727722168 0.09311306476593018
vt 0.9983237385749817 0.14911556243896484
vt 0.9987087845802307 0.09669184684753418
vt 0.9967474341392517 0.03173643350601196
vt 0.957453727722168 0.09311306476593018
vt 0.9988136291503906 0.5247780084609985
vt 0.9182764887809753 0.47362256050109863
vt 0.9183540344238281 0.5329979062080383
vt 0.9988136291503906 0.5247780084609985
vt 0.9645808935165405 0.46606773138046265
vt 0.9182764887809753 0.47362256050109863
vt 0.9645808935165405 0.46606773138046265
vt 0.9644990563392639 0.40308964252471924
vt 0.9182764887809753 0.47362256050109863
vt 0.9644990563392639 0.40308964252471924
vt 0.9181916117668152 0.4083821177482605
vt 0.9182764887809753 0.47362256050109863
vt 0.9644990563392639 0.40308964252471924
vt 0.9181007146835327 0.3386387825012207
vt 0.9181916117668152 0.4083821177482605
vt 0.9644990563392639 0.40308964252471924
vt 0.9644137024879456 0.3376654386520386
vt 0.9181007146835327 0.3386387825012207
vt 0.9644137024879456 0.3376654386520386
vt 0.9987795352935791 0.26628577709198
vt 0.9181007146835327 0.3386387825012207
vt 0.9987795352935791 0.26628577709198
vt 0.9180096387863159 0.26889562606811523
vt 0.9181007146835327 0.3386387825012207
vt 0.9987795352935791 0.26628577709198
vt 0.9179250597953796 0.20365643501281738
vt 0.9180096387863159 0.26889562606811523
vt 0.9987795352935791 0.26628577709198
vt 0.9642461538314819 0.20926231145858765
vt 0.9179250597953796 0.20365643501281738
vt 0.9642461538314819 0.20926231145858765
vt 0.9983237385749817 0.14911556243896484
vt 0.9179250597953796 0.20365643501281738
vt 0.9983237385749817 0.14911556243896484
vt 0.917847216129303 0.14428019523620605
vt 0.9179250597953796 0.20365643501281738
vt 0.9983237385749817 0.14911556243896484
vt 0.917776346206665 0.08971381187438965
vt 0.917847216129303 0.14428019523620605
vt 0.9983237385749817 0.14911556243896484
vt 0.957453727722168 0.09311306476593018
vt 0.917776346206665 0.08971381187438965
vt 0.957453727722168 0.09311306476593018
vt 0.9967474341392517 0.03173643350601196
vt 0.917776346206665 0.08971381187438965
vt 0.9967474341392517 0.03173643350601196
vt 0.9177089929580688 0.03823584318161011
vt 0.917776346206665 0.08971381187438965
vt 0.9967474341392517 0.03173643350601196
vt 0.9176440238952637 -0.011772990226745605
vt 0.9177089929580688 0.03823584318161011
vt 0.9967474341392517 0.03173643350601196
vt 1 -0.02081930637359619
vt 0.9176440238952637 -0.011772990226745605
vt 1 -0.02081930637359619
vt 0.996616542339325 -0.06872916221618652
vt 0.9176440238952637 -0.011772990226745605
vt 0.996616542339325 -0.06872916221618652
vt 0.917579174041748 -0.06178104877471924
vt 0.9176440238952637 -0.011772990226745605
vt 0.9975301623344421 0.6320952773094177
vt 0.9184252023696899 0.5875652432441711
vt 0.9184921979904175 0.6390417218208313
vt 0.9975301623344421 0.6320952773094177
vt 0.9988868832588196 0.5816382169723511
vt 0.9184252023696899 0.5875652432441711
vt 0.9988868832588196 0.5816382169723511
vt 0.9988136291503906 0.5247780084609985
vt 0.9184252023696899 0.5875652432441711
vt 0.9988136291503906 0.5247780084609985
vt 0.9183540344238281 0.5329979062080383
vt 0.9184252023696899 0.5875652432441711
vn -0.4698981070405885 0.8827135607472626 -0.003540998808294533
vn -0.5840181756526823 0.8071867890206735 0.0858618549636988
vn -0.7968880330530688 0.5859217055757511 -0.14719109250227833
vn -0.4698981070405885 0.8827135607472626 -0.003540998808294533
vn -0.300936335982148 0.7985920765326858 0.5212370065381514
vn -0.5840181756526823 0.8071867890206735 0.0858618549636988
vn 0.358272148718113 0.8485012263461456 0.3894698144169758
vn 0.3676099382383253 0.7691055333715474 0.5228189092273562
vn -0.300936335982148 0.7985920765326858 0.5212370065381514
vn 0.358272148718113 0.8485012263461456 0.3894698144169758
vn 0.4317494436756734 0.5043510567950737 0.7478117606693806
vn 0.3676099382383253 0.7691055333715474 0.5228189092273562
vn 0.3077509980866638 0.9039806669521758 0.2968303841478521
vn 0.4135553841732359 0.8191708926389836 0.3974053256744032
vn 0.4317494436756734 0.5043510567950737 0.7478117606693806
vn 0.3077509980866638 0.9039806669521758 0.2968303841478521
vn 0.7520326418495313 0.6586898080482283 0.02397169927649475
vn 0.4135553841732359 0.8191708926389836 0.3974053256744032
vn 0.44067311466550463 0.8751118814853153 -0.19996599934547554
vn 0.5127250468540158 0.825846420168068 -0.2347141167977212
vn 0.7520326418495313 0.6586898080482283 0.02397169927649475
vn 0.44067311466550463 0.8751118814853153 -0.19996599934547554
vn 0.22998267929648233 0.6780694436356958 -0.698090106527223
vn 0.5127250468540158 0.825846420168068 -0.2347141167977212
vn -0.7968880330530688 0.5859217055757511 -0.14719109250227833
vn -0.7277141074200619 0.6298610447550061 0.2714907773055187
vn -0.8790303514060591 0.4767658139033537 -1.1413302351557895e-7
vn -0.7968880330530688 0.5859217055757511 -0.14719109250227833
vn -0.5840181756526823 0.8071867890206735 0.0858618549636988
vn -0.7277141074200619 0.6298610447550061 0.2714907773055187
vn -0.5840181756526823 0.8071867890206735 0.0858618549636988
vn -0.300936335982148 0.7985920765326858 0.5212370065381514
vn -0.7277141074200619 0.6298610447550061 0.2714907773055187
vn -0.300936335982148 0.7985920765326858 0.5212370065381514
vn -0.3638840445137354 0.6858231699774223 0.6302658023964536
vn -0.7277141074200619 0.6298610447550061 0.2714907773055187
vn -0.300936335982148 0.7985920765326858 0.5212370065381514
vn 0.2441890723574795 0.548738514008334 0.7995359530284546
vn -0.3638840445137354 0.6858231699774223 0.6302658023964536
vn -0.300936335982148 0.7985920765326858 0.5212370065381514
vn 0.3676099382383253 0.7691055333715474 0.5228189092273562
vn 0.2441890723574795 0.548738514008334 0.7995359530284546
vn 0.3676099382383253 0.7691055333715474 0.5228189092273562
vn 0.4317494436756734 0.5043510567950737 0.7478117606693806
vn 0.2441890723574795 0.548738514008334 0.7995359530284546
vn 0.4317494436756734 0.5043510567950737 0.7478117606693806
vn 0.49460922232765525 0.14644958260493035 0.8566879460709563
vn 0.2441890723574795 0.548738514008334 0.7995359530284546
vn 0.4317494436756734 0.5043510567950737 0.7478117606693806
vn 0.6932350354078489 0.5147649017805672 0.5044227211158526
vn 0.49460922232765525 0.14644958260493035 0.8566879460709563
vn 0.4317494436756734 0.5043510567950737 0.7478117606693806
vn 0.4135553841732359 0.8191708926389836 0.3974053256744032
vn 0.6932350354078489 0.5147649017805672 0.5044227211158526
vn 0.4135553841732359 0.8191708926389836 0.3974053256744032
vn 0.7520326418495313 0.6586898080482283 0.02397169927649475
vn 0.6932350354078489 0.5147649017805672 0.5044227211158526
vn 0.7520326418495313 0.6586898080482283 0.02397169927649475
vn 0.8790302129585313 0.4767660691639862 1.0586333346917746e-16
vn 0.6932350354078489 0.5147649017805672 0.5044227211158526
vn 0.7520326418495313 0.6586898080482283 0.02397169927649475
vn 0.6698081792069329 0.6557100124133738 -0.34842701199583564
vn 0.8790302129585313 0.4767660691639862 1.0586333346917746e-16
vn 0.7520326418495313 0.6586898080482283 0.02397169927649475
vn 0.5127250468540158 0.825846420168068 -0.2347141167977212
vn 0.6698081792069329 0.6557100124133738 -0.34842701199583564
vn 0.5127250468540158 0.825846420168068 -0.2347141167977212
vn 0.22998267929648233 0.6780694436356958 -0.698090106527223
vn 0.6698081792069329 0.6557100124133738 -0.34842701199583564
vn 0.22998267929648233 0.6780694436356958 -0.698090106527223
vn 0.38830255572476047 0.6299881790786099 -0.6725593055179867
vn 0.6698081792069329 0.6557100124133738 -0.34842701199583564
vn 0.22998267929648233 0.6780694436356958 -0.698090106527223
vn 0.1276803975580388 0.6102229550569593 -0.781873174626789
vn 0.38830255572476047 0.6299881790786099 -0.6725593055179867
vn 0.22998267929648233 0.6780694436356958 -0.698090106527223
vn 0.20399195143922452 0.49925989372939356 -0.8420966941280149
vn 0.1276803975580388 0.6102229550569593 -0.781873174626789
vn 0.20399195143922452 0.49925989372939356 -0.8420966941280149
vn -0.35276597677657223 0.7469863878767581 -0.5635312785957
vn 0.1276803975580388 0.6102229550569593 -0.781873174626789
vn -0.35276597677657223 0.7469863878767581 -0.5635312785957
vn -0.2786378550571825 0.8303273880846901 -0.4826151410032521
vn 0.1276803975580388 0.6102229550569593 -0.781873174626789
vn -0.35276597677657223 0.7469863878767581 -0.5635312785957
vn -0.799583905052691 0.561248953307485 -0.21369415338736306
vn -0.2786378550571825 0.8303273880846901 -0.4826151410032521
vn -0.35276597677657223 0.7469863878767581 -0.5635312785957
vn -0.8839199546157209 0.45068824307330785 -0.12476225946830592
vn -0.799583905052691 0.561248953307485 -0.21369415338736306
vn -0.8839199546157209 0.45068824307330785 -0.12476225946830592
vn -0.7968880330530688 0.5859217055757511 -0.14719109250227833
vn -0.799583905052691 0.561248953307485 -0.21369415338736306
vn -0.7968880330530688 0.5859217055757511 -0.14719109250227833
vn -0.8790303514060591 0.4767658139033537 -1.1413302351557895e-7
vn -0.799583905052691 0.561248953307485 -0.21369415338736306
f 1/1/1 2/2/2 3/3/3
f 4/4/4 5/5/5 6/6/6
f 7/7/7 8/8/8 9/9/9
f 10/10/10 11/11/11 12/12/12
f 13/13/13 14/14/14 15/15/15
f 16/16/16 17/17/17 18/18/18
f 19/19/19 20/20/20 21/21/21
f 22/22/22 23/23/23 24/24/24
f 25/25/25 26/26/26 27/27/27
f 28/28/28 29/29/29 30/30/30
f 31/31/31 32/32/32 33/33/33
f 34/34/34 35/35/35 36/36/36
f 37/37/37 38/38/38 39/39/39
f 40/40/40 41/41/41 42/42/42
f 43/43/43 44/44/44 45/45/45
f 46/46/46 47/47/47 48/48/48
f 49/49/49 50/50/50 51/51/51
f 52/52/52 53/53/53 54/54/54
f 55/55/55 56/56/56 57/57/57
f 58/58/58 59/59/59 60/60/60
f 61/61/61 62/62/62 63/63/63
f 64/64/64 65/65/65 66/66/66
f 67/67/67 68/68/68 69/69/69
f 70/70/70 71/71/71 72/72/72
f 73/73/73 74/74/74 75/75/75
f 76/76/76 77/77/77 78/78/78
f 79/79/79 80/80/80 81/81/81
f 82/82/82 83/83/83 84/84/84
f 85/85/85 86/86/86 87/87/87
f 88/88/88 89/89/89 90/90/90
f 91/91/91 92/92/92 93/93/93
f 94/94/94 95/95/95 96/96/96
o Group_1
usemtl Material_1
v -1.3622241020202637 1.0612757205963135 2.3565054809633634e-16
v -1.1778171062469482 1.0612757205963133 0.6882164478302004
v -0.9942576885223389 1.8881125450134277 4.1924520411150195e-16
v -1.1778171062469482 1.0612757205963133 0.6882164478302004
v -0.8591487407684326 1.8881125450134275 0.5042332410812382
v -0.9942576885223389 1.8881125450134277 4.1924520411150195e-16
v -1.1778171062469482 1.0612757205963133 0.6882164478302004
v -0.490024209022522 1.8881125450134275 0.8733575344085698
v -0.8591487407684326 1.8881125450134275 0.5042332410812382
v -1.1778171062469482 1.0612757205963133 0.6882164478302004
v -0.6740076541900635 1.0612757205963133 1.1920258998870852
v -0.490024209022522 1.8881125450134275 0.8733575344085698
v -0.6740076541900635 1.0612757205963133 1.1920258998870852
v 0.014208875596523285 1.0612757205963133 1.3764328956604006
v -0.490024209022522 1.8881125450134275 0.8733575344085698
v 0.014208875596523285 1.0612757205963133 1.3764328956604006
v 0.014208875596523285 1.8881125450134275 1.008466482162476
v -0.490024209022522 1.8881125450134275 0.8733575344085698
v 0.014208875596523285 1.0612757205963133 1.3764328956604006
v 0.518441915512085 1.8881125450134275 0.8733575344085698
v 0.014208875596523285 1.8881125450134275 1.008466482162476
v 0.014208875596523285 1.0612757205963133 1.3764328956604006
v 0.702425479888916 1.0612757205963133 1.1920258998870852
v 0.518441915512085 1.8881125450134275 0.8733575344085698
v 0.702425479888916 1.0612757205963133 1.1920258998870852
v 1.2062342166900635 1.0612757205963133 0.6882164478302004
v 0.518441915512085 1.8881125450134275 0.8733575344085698
v 1.2062342166900635 1.0612757205963133 0.6882164478302004
v 0.887566089630127 1.8881125450134275 0.5042332410812382
v 0.518441915512085 1.8881125450134275 0.8733575344085698
v 1.2062342166900635 1.0612757205963133 0.6882164478302004
v 1.022674798965454 1.8881125450134277 8.287540295983943e-8
v 0.887566089630127 1.8881125450134275 0.5042332410812382
v 1.2062342166900635 1.0612757205963133 0.6882164478302004
v 1.3906407356262207 1.0612757205963135 -7.889660456921727e-8
v 1.022674798965454 1.8881125450134277 8.287540295983943e-8
v 1.3906407356262207 1.0612757205963135 -7.889660456921727e-8
v 1.2062342166900635 1.0612757205963137 -0.6882164478302
v 1.022674798965454 1.8881125450134277 8.287540295983943e-8
v 1.2062342166900635 1.0612757205963137 -0.6882164478302
v 0.887566089630127 1.888112545013428 -0.5042330026626582
v 1.022674798965454 1.8881125450134277 8.287540295983943e-8
v 1.2062342166900635 1.0612757205963137 -0.6882164478302
v 0.518441915512085 1.888112545013428 -0.8733572959899898
v 0.887566089630127 1.888112545013428 -0.5042330026626582
v 1.2062342166900635 1.0612757205963137 -0.6882164478302
v 0.702425479888916 1.0612757205963137 -1.1920258998870847
v 0.518441915512085 1.888112545013428 -0.8733572959899898
v 0.702425479888916 1.0612757205963137 -1.1920258998870847
v 0.014209195971488953 1.0612757205963137 -1.3764328956604002
v 0.518441915512085 1.888112545013428 -0.8733572959899898
v 0.014209195971488953 1.0612757205963137 -1.3764328956604002
v 0.014209195971488953 1.888112545013428 -1.008466243743896
v 0.518441915512085 1.888112545013428 -0.8733572959899898
v 0.014209195971488953 1.0612757205963137 -1.3764328956604002
v -0.49002397060394287 1.888112545013428 -0.8733575344085689
v 0.014209195971488953 1.888112545013428 -1.008466243743896
v 0.014209195971488953 1.0612757205963137 -1.3764328956604002
v -0.6740071773529053 1.0612757205963137 -1.1920258998870847
v -0.49002397060394287 1.888112545013428 -0.8733575344085689
v -0.6740071773529053 1.0612757205963137 -1.1920258998870847
v -1.1778168678283691 1.0612757205963137 -0.6882166862487791
v -0.49002397060394287 1.888112545013428 -0.8733575344085689
v -1.1778168678283691 1.0612757205963137 -0.6882166862487791
v -0.8591482639312744 1.888112545013428 -0.5042331218719478
v -0.49002397060394287 1.888112545013428 -0.8733575344085689
v -0.9942576885223389 1.8881125450134277 4.1924520411150195e-16
v -0.6874234676361084 2.521226406097412 0.40508770942688044
v -0.7959661483764648 2.521226406097412 5.598247212684564e-16
v -0.9942576885223389 1.8881125450134277 4.1924520411150195e-16
v -0.8591487407684326 1.8881125450134275 0.5042332410812382
v -0.6874234676361084 2.521226406097412 0.40508770942688044
v -0.8591487407684326 1.8881125450134275 0.5042332410812382
v -0.490024209022522 1.8881125450134275 0.8733575344085698
v -0.6874234676361084 2.521226406097412 0.40508770942688044
v -0.490024209022522 1.8881125450134275 0.8733575344085698
v -0.39087843894958496 2.521226406097412 0.7016324996948248
v -0.6874234676361084 2.521226406097412 0.40508770942688044
v -0.490024209022522 1.8881125450134275 0.8733575344085698
v 0.01420903205871582 2.521226406097412 0.8101754188537603
v -0.39087843894958496 2.521226406097412 0.7016324996948248
v -0.490024209022522 1.8881125450134275 0.8733575344085698
v 0.014208875596523285 1.8881125450134275 1.008466482162476
v 0.01420903205871582 2.521226406097412 0.8101754188537603
v 0.014208875596523285 1.8881125450134275 1.008466482162476
v 0.518441915512085 1.8881125450134275 0.8733575344085698
v 0.01420903205871582 2.521226406097412 0.8101754188537603
v 0.518441915512085 1.8881125450134275 0.8733575344085698
v 0.4192967414855957 2.521226406097412 0.7016324996948248
v 0.01420903205871582 2.521226406097412 0.8101754188537603
v 0.518441915512085 1.8881125450134275 0.8733575344085698
v 0.7158412933349609 2.521226406097412 0.40508770942688044
v 0.4192967414855957 2.521226406097412 0.7016324996948248
v 0.518441915512085 1.8881125450134275 0.8733575344085698
v 0.887566089630127 1.8881125450134275 0.5042332410812382
v 0.7158412933349609 2.521226406097412 0.40508770942688044
v 0.887566089630127 1.8881125450134275 0.5042332410812382
v 1.022674798965454 1.8881125450134277 8.287540295983943e-8
v 0.7158412933349609 2.521226406097412 0.40508770942688044
v 1.022674798965454 1.8881125450134277 8.287540295983943e-8
v 0.8243844509124756 2.521226406097412 -9.019415765093262e-9
v 0.7158412933349609 2.521226406097412 0.40508770942688044
v 1.022674798965454 1.8881125450134277 8.287540295983943e-8
v 0.7158417701721191 2.521226406097412 -0.4050878286361689
v 0.8243844509124756 2.521226406097412 -9.019415765093262e-9
v 1.022674798965454 1.8881125450134277 8.287540295983943e-8
v 0.887566089630127 1.888112545013428 -0.5042330026626582
v 0.7158417701721191 2.521226406097412 -0.4050878286361689
v 0.887566089630127 1.888112545013428 -0.5042330026626582
v 0.518441915512085 1.888112545013428 -0.8733572959899898
v 0.7158417701721191 2.521226406097412 -0.4050878286361689
v 0.518441915512085 1.888112545013428 -0.8733572959899898
v 0.4192967414855957 2.521226406097412 -0.7016327381134028
v 0.7158417701721191 2.521226406097412 -0.4050878286361689
v 0.518441915512085 1.888112545013428 -0.8733572959899898
v 0.01420903205871582 2.521226406097412 -0.8101756572723383
v 0.4192967414855957 2.521226406097412 -0.7016327381134028
v 0.518441915512085 1.888112545013428 -0.8733572959899898
v 0.014209195971488953 1.888112545013428 -1.008466243743896
v 0.01420903205871582 2.521226406097412 -0.8101756572723383
v 0.014209195971488953 1.888112545013428 -1.008466243743896
v -0.49002397060394287 1.888112545013428 -0.8733575344085689
v 0.01420903205871582 2.521226406097412 -0.8101756572723383
v -0.49002397060394287 1.888112545013428 -0.8733575344085689
v -0.39087867736816406 2.521226406097412 -0.7016327381134028
v 0.01420903205871582 2.521226406097412 -0.8101756572723383
v -0.49002397060394287 1.888112545013428 -0.8733575344085689
v -0.6874234676361084 2.521226406097412 -0.4050878286361689
v -0.39087867736816406 2.521226406097412 -0.7016327381134028
v -0.49002397060394287 1.888112545013428 -0.8733575344085689
v -0.8591482639312744 1.888112545013428 -0.5042331218719478
v -0.6874234676361084 2.521226406097412 -0.4050878286361689
v -0.7959661483764648 2.521226406097412 5.598247212684564e-16
v -0.6874234676361084 2.521226406097412 0.40508770942688044
v -0.5423179864883423 4.623054504394531 0.3666801452636729
v -0.6874234676361084 2.521226406097412 0.40508770942688044
v -0.46775758266448975 4.572646141052246 0.6403399705886851
v -0.5423179864883423 4.623054504394531 0.3666801452636729
v -0.6874234676361084 2.521226406097412 0.40508770942688044
v -0.2640542984008789 4.535743713378906 0.840672492980958
v -0.46775758266448975 4.572646141052246 0.6403399705886851
v -0.6874234676361084 2.521226406097412 0.40508770942688044
v -0.39087843894958496 2.521226406097412 0.7016324996948248
v -0.2640542984008789 4.535743713378906 0.840672492980958
v -0.39087843894958496 2.521226406097412 0.7016324996948248
v 0.01420903205871582 2.521226406097412 0.8101754188537603
v -0.2640542984008789 4.535743713378906 0.840672492980958
v 0.01420903205871582 2.521226406097412 0.8101754188537603
v 0.01420903205871582 4.522238731384277 0.9139995574951182
v -0.2640542984008789 4.535743713378906 0.840672492980958
v 0.01420903205871582 2.521226406097412 0.8101754188537603
v 0.29247260093688965 4.535743713378906 0.840672492980958
v 0.01420903205871582 4.522238731384277 0.9139995574951182
v 0.01420903205871582 2.521226406097412 0.8101754188537603
v 0.4192967414855957 2.521226406097412 0.7016324996948248
v 0.29247260093688965 4.535743713378906 0.840672492980958
v 0.4192967414855957 2.521226406097412 0.7016324996948248
v 0.7158412933349609 2.521226406097412 0.40508770942688044
v 0.29247260093688965 4.535743713378906 0.840672492980958
v 0.7158412933349609 2.521226406097412 0.40508770942688044
v 0.49617576599121094 4.572646141052246 0.6403399705886851
v 0.29247260093688965 4.535743713378906 0.840672492980958
v 0.7158412933349609 2.521226406097412 0.40508770942688044
v 0.5707359313964844 4.623054504394531 0.3666800856590281
v 0.49617576599121094 4.572646141052246 0.6403399705886851
v 0.7158412933349609 2.521226406097412 0.40508770942688044
v 0.8243844509124756 2.521226406097412 -9.019415765093262e-9
v 0.5707359313964844 4.623054504394531 0.3666800856590281
v 0.8243844509124756 2.521226406097412 -9.019415765093262e-9
v 0.7158417701721191 2.521226406097412 -0.4050878286361689
v 0.5707359313964844 4.623054504394531 0.3666800856590281
v 0.7158417701721191 2.521226406097412 -0.4050878286361689
v 0.49617576599121094 4.6734619140625 0.09302029013633832
v 0.5707359313964844 4.623054504394531 0.3666800856590281
v 0.7158417701721191 2.521226406097412 -0.4050878286361689
v 0.29247260093688965 4.710365295410156 -0.10731232166290179
v 0.49617576599121094 4.6734619140625 0.09302029013633832
v 0.7158417701721191 2.521226406097412 -0.4050878286361689
v 0.4192967414855957 2.521226406097412 -0.7016327381134028
v 0.29247260093688965 4.710365295410156 -0.10731232166290179
v 0.4192967414855957 2.521226406097412 -0.7016327381134028
v 0.01420903205871582 2.521226406097412 -0.8101756572723383
v 0.29247260093688965 4.710365295410156 -0.10731232166290179
v 0.01420903205871582 2.521226406097412 -0.8101756572723383
v 0.01420903205871582 4.723870277404785 -0.18063938617706193
v 0.29247260093688965 4.710365295410156 -0.10731232166290179
v 0.01420903205871582 2.521226406097412 -0.8101756572723383
v -0.2640542984008789 4.710365295410156 -0.10731220245361224
v 0.01420903205871582 4.723870277404785 -0.18063938617706193
v 0.01420903205871582 2.521226406097412 -0.8101756572723383
v -0.39087867736816406 2.521226406097412 -0.7016327381134028
v -0.2640542984008789 4.710365295410156 -0.10731220245361224
v -0.39087867736816406 2.521226406097412 -0.7016327381134028
v -0.6874234676361084 2.521226406097412 -0.4050878286361689
v -0.2640542984008789 4.710365295410156 -0.10731220245361224
v -0.6874234676361084 2.521226406097412 -0.4050878286361689
v -0.46775758266448975 4.6734619140625 0.09302029013633832
v -0.2640542984008789 4.710365295410156 -0.10731220245361224
v -1.1778168678283691 1.0612757205963137 -0.6882166862487791
v -0.9942576885223389 1.8881125450134277 4.1924520411150195e-16
v -0.8591482639312744 1.888112545013428 -0.5042331218719478
v -1.1778168678283691 1.0612757205963137 -0.6882166862487791
v -1.3622241020202637 1.0612757205963135 2.3565054809633634e-16
v -0.9942576885223389 1.8881125450134277 4.1924520411150195e-16
v -0.8591482639312744 1.888112545013428 -0.5042331218719478
v -0.9942576885223389 1.8881125450134277 4.1924520411150195e-16
v -0.6874234676361084 2.521226406097412 -0.4050878286361689
v -0.9942576885223389 1.8881125450134277 4.1924520411150195e-16
v -0.7959661483764648 2.521226406097412 5.598247212684564e-16
v -0.6874234676361084 2.521226406097412 -0.4050878286361689
v -0.6874234676361084 2.521226406097412 -0.4050878286361689
v -0.5423179864883423 4.623054504394531 0.3666801452636729
v -0.46775758266448975 4.6734619140625 0.09302029013633832
v -0.6874234676361084 2.521226406097412 -0.4050878286361689
v -0.7959661483764648 2.521226406097412 5.598247212684564e-16
v -0.5423179864883423 4.623054504394531 0.3666801452636729
v -0.5423179864883423 4.623054504394531 0.3666801452636729
v -0.46775758266448975 6.793751239776611 1.0494692325592057
v -0.5423179864883423 6.844160556793213 0.7758098840713517
v -0.5423179864883423 4.623054504394531 0.3666801452636729
v -0.46775758266448975 4.572646141052246 0.6403399705886851
v -0.46775758266448975 6.793751239776611 1.0494692325592057
v -0.46775758266448975 4.572646141052246 0.6403399705886851
v -0.2640502154827118 6.7568464279174805 1.2498097419738785
v -0.46775758266448975 6.793751239776611 1.0494692325592057
v -0.46775758266448975 4.572646141052246 0.6403399705886851
v -0.2640542984008789 4.535743713378906 0.840672492980958
v -0.2640502154827118 6.7568464279174805 1.2498097419738785
v -0.2640542984008789 4.535743713378906 0.840672492980958
v 0.014194648712873459 6.743345260620117 1.3231259584426895
v -0.2640502154827118 6.7568464279174805 1.2498097419738785
v -0.2640542984008789 4.535743713378906 0.840672492980958
v 0.01420903205871582 4.522238731384277 0.9139995574951182
v 0.014194648712873459 6.743345260620117 1.3231259584426895
v 0.01420903205871582 4.522238731384277 0.9139995574951182
v 0.2924869954586029 6.7568511962890625 1.2497986555099503
v 0.014194648712873459 6.743345260620117 1.3231259584426895
v 0.01420903205871582 4.522238731384277 0.9139995574951182
v 0.29247260093688965 4.535743713378906 0.840672492980958
v 0.2924869954586029 6.7568511962890625 1.2497986555099503
v 0.29247260093688965 4.535743713378906 0.840672492980958
v 0.4961716830730438 6.793747901916504 1.0494763851165787
v 0.2924869954586029 6.7568511962890625 1.2497986555099503
v 0.29247260093688965 4.535743713378906 0.840672492980958
v 0.49617576599121094 4.572646141052246 0.6403399705886851
v 0.4961716830730438 6.793747901916504 1.0494763851165787
v 0.49617576599121094 4.572646141052246 0.6403399705886851
v 0.570736289024353 6.844160556793213 0.7758098244667069
v 0.4961716830730438 6.793747901916504 1.0494763851165787
v 0.49617576599121094 4.572646141052246 0.6403399705886851
v 0.5707359313964844 4.623054504394531 0.3666800856590281
v 0.570736289024353 6.844160556793213 0.7758098244667069
v 0.5707359313964844 4.623054504394531 0.3666800856590281
v 0.4961760938167572 6.894573211669922 0.5021423697471634
v 0.570736289024353 6.844160556793213 0.7758098244667069
v 0.5707359313964844 4.623054504394531 0.3666800856590281
v 0.49617576599121094 4.6734619140625 0.09302029013633832
v 0.4961760938167572 6.894573211669922 0.5021423697471634
v 0.49617576599121094 4.6734619140625 0.09302029013633832
v 0.29248306155204773 6.931465148925781 0.3018276691436783
v 0.4961760938167572 6.894573211669922 0.5021423697471634
v 0.49617576599121094 4.6734619140625 0.09302029013633832
v 0.29247260093688965 4.710365295410156 -0.10731232166290179
v 0.29248306155204773 6.931465148925781 0.3018276691436783
v 0.29247260093688965 4.710365295410156 -0.10731232166290179
v 0.014194668270647526 6.944976806640625 0.2284866720438019
v 0.29248306155204773 6.931465148925781 0.3018276691436783
v 0.29247260093688965 4.710365295410156 -0.10731232166290179
v 0.01420903205871582 4.723870277404785 -0.18063938617706193
v 0.014194668270647526 6.944976806640625 0.2284866720438019
v 0.01420903205871582 4.723870277404785 -0.18063938617706193
v -0.2640398144721985 6.9314727783203125 0.3018138408660904
v 0.014194668270647526 6.944976806640625 0.2284866720438019
v 0.01420903205871582 4.723870277404785 -0.18063938617706193
v -0.2640542984008789 4.710365295410156 -0.10731220245361224
v -0.2640398144721985 6.9314727783203125 0.3018138408660904
v -0.2640542984008789 4.710365295410156 -0.10731220245361224
v -0.4677684009075165 6.894561767578125 0.5021601915359513
v -0.2640398144721985 6.9314727783203125 0.3018138408660904
v -0.2640542984008789 4.710365295410156 -0.10731220245361224
v -0.46775758266448975 4.6734619140625 0.09302029013633832
v -0.4677684009075165 6.894561767578125 0.5021601915359513
v -0.46775758266448975 4.6734619140625 0.09302029013633832
v -0.5423179864883423 6.844160556793213 0.7758098840713517
v -0.4677684009075165 6.894561767578125 0.5021601915359513
v -0.46775758266448975 4.6734619140625 0.09302029013633832
v -0.5423179864883423 4.623054504394531 0.3666801452636729
v -0.5423179864883423 6.844160556793213 0.7758098840713517
v -0.5423179864883423 6.844160556793213 0.7758098840713517
v -0.46775758266448975 10.286434173583984 0.6343779563903832
v -0.5423179864883423 10.201233863830566 0.3694787025451683
v -0.5423179864883423 6.844160556793213 0.7758098840713517
v -0.46775758266448975 6.793751239776611 1.0494692325592057
v -0.46775758266448975 10.286434173583984 0.6343779563903832
v -0.46775758266448975 6.793751239776611 1.0494692325592057
v -0.26404163241386414 10.348809242248535 0.8283200263977074
v -0.46775758266448975 10.286434173583984 0.6343779563903832
v -0.46775758266448975 6.793751239776611 1.0494692325592057
v -0.2640502154827118 6.7568464279174805 1.2498097419738785
v -0.26404163241386414 10.348809242248535 0.8283200263977074
v -0.2640502154827118 6.7568464279174805 1.2498097419738785
v 0.01414059940725565 10.371630668640137 0.8992514610290551
v -0.26404163241386414 10.348809242248535 0.8283200263977074
v -0.2640502154827118 6.7568464279174805 1.2498097419738785
v 0.014194648712873459 6.743345260620117 1.3231259584426895
v 0.01414059940725565 10.371630668640137 0.8992514610290551
v 0.014194648712873459 6.743345260620117 1.3231259584426895
v 0.29250046610832214 10.348797798156738 0.8282728195190453
v 0.01414059940725565 10.371630668640137 0.8992514610290551
v 0.014194648712873459 6.743345260620117 1.3231259584426895
v 0.2924869954586029 6.7568511962890625 1.2497986555099503
v 0.29250046610832214 10.348797798156738 0.8282728195190453
v 0.2924869954586029 6.7568511962890625 1.2497986555099503
v 0.4962092339992523 10.286425590515137 0.6343522071838402
v 0.29250046610832214 10.348797798156738 0.8282728195190453
v 0.2924869954586029 6.7568511962890625 1.2497986555099503
v 0.4961716830730438 6.793747901916504 1.0494763851165787
v 0.4962092339992523 10.286425590515137 0.6343522071838402
v 0.4961716830730438 6.793747901916504 1.0494763851165787
v 0.570736289024353 10.201245307922363 0.3695068359375023
v 0.4962092339992523 10.286425590515137 0.6343522071838402
v 0.4961716830730438 6.793747901916504 1.0494763851165787
v 0.570736289024353 6.844160556793213 0.7758098244667069
v 0.570736289024353 10.201245307922363 0.3695068359375023
v 0.570736289024353 6.844160556793213 0.7758098244667069
v 0.4961760938167572 10.116048812866211 0.10459470748901592
v 0.570736289024353 10.201245307922363 0.3695068359375023
v 0.570736289024353 6.844160556793213 0.7758098244667069
v 0.4961760938167572 6.894573211669922 0.5021423697471634
v 0.4961760938167572 10.116048812866211 0.10459470748901592
v 0.4961760938167572 6.894573211669922 0.5021423697471634
v 0.2924213707447052 10.0536470413208 -0.0894069671630837
v 0.4961760938167572 10.116048812866211 0.10459470748901592
v 0.4961760938167572 6.894573211669922 0.5021423697471634
v 0.29248306155204773 6.931465148925781 0.3018276691436783
v 0.2924213707447052 10.0536470413208 -0.0894069671630837
v 0.29248306155204773 6.931465148925781 0.3018276691436783
v 0.01422941405326128 10.030832290649414 -0.16034817695617454
v 0.2924213707447052 10.0536470413208 -0.0894069671630837
v 0.29248306155204773 6.931465148925781 0.3018276691436783
v 0.014194668270647526 6.944976806640625 0.2284866720438019
v 0.01422941405326128 10.030832290649414 -0.16034817695617454
v 0.014194668270647526 6.944976806640625 0.2284866720438019
v -0.2639990448951721 10.053666114807129 -0.08937025070190206
v 0.01422941405326128 10.030832290649414 -0.16034817695617454
v 0.014194668270647526 6.944976806640625 0.2284866720438019
v -0.2640398144721985 6.9314727783203125 0.3018138408660904
v -0.2639990448951721 10.053666114807129 -0.08937025070190206
v -0.2640398144721985 6.9314727783203125 0.3018138408660904
v -0.4678495228290558 10.11605167388916 0.10463428497314678
v -0.2639990448951721 10.053666114807129 -0.08937025070190206
v -0.2640398144721985 6.9314727783203125 0.3018138408660904
v -0.4677684009075165 6.894561767578125 0.5021601915359513
v -0.4678495228290558 10.11605167388916 0.10463428497314678
v -0.4677684009075165 6.894561767578125 0.5021601915359513
v -0.5423179864883423 10.201233863830566 0.3694787025451683
v -0.4678495228290558 10.11605167388916 0.10463428497314678
v -0.4677684009075165 6.894561767578125 0.5021601915359513
v -0.5423179864883423 6.844160556793213 0.7758098840713517
v -0.5423179864883423 10.201233863830566 0.3694787025451683
v -0.5423179864883423 10.201233863830566 0.3694787025451683
v 0.7464981079101562 13.054198265075684 -0.9992418289184541
v 0.6893606185913086 12.968997955322266 -1.2022404670715303
v -0.5423179864883423 10.201233863830566 0.3694787025451683
v -0.46775758266448975 10.286434173583984 0.6343779563903832
v 0.7464981079101562 13.054198265075684 -0.9992418289184541
v -0.46775758266448975 10.286434173583984 0.6343779563903832
v 0.9026269912719727 13.116584777832031 -0.850592076778409
v 0.7464981079101562 13.054198265075684 -0.9992418289184541
v -0.46775758266448975 10.286434173583984 0.6343779563903832
v -0.26404163241386414 10.348809242248535 0.8283200263977074
v 0.9026269912719727 13.116584777832031 -0.850592076778409
v -0.26404163241386414 10.348809242248535 0.8283200263977074
v 1.115713357925415 13.139386177062988 -0.7962858676910372
v 0.9026269912719727 13.116584777832031 -0.850592076778409
v -0.26404163241386414 10.348809242248535 0.8283200263977074
v 0.01414059940725565 10.371630668640137 0.8992514610290551
v 1.115713357925415 13.139386177062988 -0.7962858676910372
v 0.01414059940725565 10.371630668640137 0.8992514610290551
v 1.329136610031128 13.11655330657959 -0.8506786227226228
v 1.115713357925415 13.139386177062988 -0.7962858676910372
v 0.01414059940725565 10.371630668640137 0.8992514610290551
v 0.29250046610832214 10.348797798156738 0.8282728195190453
v 1.329136610031128 13.11655330657959 -0.8506786227226228
v 0.29250046610832214 10.348797798156738 0.8282728195190453
v 1.485215425491333 13.054187774658203 -0.9992690086364717
v 1.329136610031128 13.11655330657959 -0.8506786227226228
v 0.29250046610832214 10.348797798156738 0.8282728195190453
v 0.4962092339992523 10.286425590515137 0.6343522071838402
v 1.485215425491333 13.054187774658203 -0.9992690086364717
v 0.4962092339992523 10.286425590515137 0.6343522071838402
v 1.5423080921173096 12.969018936157227 -1.202194929122922
v 1.485215425491333 13.054187774658203 -0.9992690086364717
v 0.4962092339992523 10.286425590515137 0.6343522071838402
v 0.570736289024353 10.201245307922363 0.3695068359375023
v 1.5423080921173096 12.969018936157227 -1.202194929122922
v 0.570736289024353 10.201245307922363 0.3695068359375023
v 1.4851707220077515 12.883848190307617 -1.4051430225372286
v 1.5423080921173096 12.969018936157227 -1.202194929122922
v 0.570736289024353 10.201245307922363 0.3695068359375023
v 0.4961760938167572 10.116048812866211 0.10459470748901592
v 1.4851707220077515 12.883848190307617 -1.4051430225372286
v 0.4961760938167572 10.116048812866211 0.10459470748901592
v 1.3289768695831299 12.8214111328125 -1.5538964271545381
v 1.4851707220077515 12.883848190307617 -1.4051430225372286
v 0.4961760938167572 10.116048812866211 0.10459470748901592
v 0.2924213707447052 10.0536470413208 -0.0894069671630837
v 1.3289768695831299 12.8214111328125 -1.5538964271545381
v 0.2924213707447052 10.0536470413208 -0.0894069671630837
v 1.1158690452575684 12.798613548278809 -1.6082179546356172
v 1.3289768695831299 12.8214111328125 -1.5538964271545381
v 0.2924213707447052 10.0536470413208 -0.0894069671630837
v 0.01422941405326128 10.030832290649414 -0.16034817695617454
v 1.1158690452575684 12.798613548278809 -1.6082179546356172
v 0.01422941405326128 10.030832290649414 -0.16034817695617454
v 0.9027085304260254 12.821447372436523 -1.553825855255124
v 1.1158690452575684 12.798613548278809 -1.6082179546356172
v 0.01422941405326128 10.030832290649414 -0.16034817695617454
v -0.2639990448951721 10.053666114807129 -0.08937025070190206
v 0.9027085304260254 12.821447372436523 -1.553825855255124
v -0.2639990448951721 10.053666114807129 -0.08937025070190206
v 0.7463613748550415 12.88386058807373 -1.405082941055295
v 0.9027085304260254 12.821447372436523 -1.553825855255124
v -0.2639990448951721 10.053666114807129 -0.08937025070190206
v -0.4678495228290558 10.11605167388916 0.10463428497314678
v 0.7463613748550415 12.88386058807373 -1.405082941055295
v -0.4678495228290558 10.11605167388916 0.10463428497314678
v 0.6893606185913086 12.968997955322266 -1.2022404670715303
v 0.7463613748550415 12.88386058807373 -1.405082941055295
v -0.4678495228290558 10.11605167388916 0.10463428497314678
v -0.5423179864883423 10.201233863830566 0.3694787025451683
v 0.6893606185913086 12.968997955322266 -1.2022404670715303
v 0.6893606185913086 12.968997955322266 -1.2022404670715303
v 0.7464981079101562 13.054198265075684 -0.9992418289184541
v 1.1158143281936646 16.291759490966797 -2.596779108047482
v 0.7464981079101562 13.054198265075684 -0.9992418289184541
v 0.9026269912719727 13.116584777832031 -0.850592076778409
v 1.1158143281936646 16.291759490966797 -2.596779108047482
v 0.9026269912719727 13.116584777832031 -0.850592076778409
v 1.115713357925415 13.139386177062988 -0.7962858676910372
v 1.1158143281936646 16.291759490966797 -2.596779108047482
v 1.115713357925415 13.139386177062988 -0.7962858676910372
v 1.329136610031128 13.11655330657959 -0.8506786227226228
v 1.1158143281936646 16.291759490966797 -2.596779108047482
v 1.329136610031128 13.11655330657959 -0.8506786227226228
v 1.485215425491333 13.054187774658203 -0.9992690086364717
v 1.1158143281936646 16.291759490966797 -2.596779108047482
v 1.485215425491333 13.054187774658203 -0.9992690086364717
v 1.5423080921173096 12.969018936157227 -1.202194929122922
v 1.1158143281936646 16.291759490966797 -2.596779108047482
v 1.5423080921173096 12.969018936157227 -1.202194929122922
v 1.4851707220077515 12.883848190307617 -1.4051430225372286
v 1.1158143281936646 16.291759490966797 -2.596779108047482
v 1.4851707220077515 12.883848190307617 -1.4051430225372286
v 1.3289768695831299 12.8214111328125 -1.5538964271545381
v 1.1158143281936646 16.291759490966797 -2.596779108047482
v 1.3289768695831299 12.8214111328125 -1.5538964271545381
v 1.1158690452575684 12.798613548278809 -1.6082179546356172
v 1.1158143281936646 16.291759490966797 -2.596779108047482
v 1.1158690452575684 12.798613548278809 -1.6082179546356172
v 0.9027085304260254 12.821447372436523 -1.553825855255124
v 1.1158143281936646 16.291759490966797 -2.596779108047482
v 0.9027085304260254 12.821447372436523 -1.553825855255124
v 0.7463613748550415 12.88386058807373 -1.405082941055295
v 1.1158143281936646 16.291759490966797 -2.596779108047482
v 0.7463613748550415 12.88386058807373 -1.405082941055295
v 0.6893606185913086 12.968997955322266 -1.2022404670715303
v 1.1158143281936646 16.291759490966797 -2.596779108047482
vt 0.9183540344238281 0.5329979062080383
vt 0.9182764887809753 0.47362256050109863
vt 0.8684899806976318 0.5408186316490173
vt 0.9182764887809753 0.47362256050109863
vt 0.8684132695198059 0.48197323083877563
vt 0.8684899806976318 0.5408186316490173
vt 0.9182764887809753 0.47362256050109863
vt 0.8683255910873413 0.41457366943359375
vt 0.8684132695198059 0.48197323083877563
vt 0.9182764887809753 0.47362256050109863
vt 0.9181916117668152 0.4083821177482605
vt 0.8683255910873413 0.41457366943359375
vt 0.9181916117668152 0.4083821177482605
vt 0.9181007146835327 0.3386387825012207
vt 0.8683255910873413 0.41457366943359375
vt 0.9181007146835327 0.3386387825012207
vt 0.8682276010513306 0.33968842029571533
vt 0.8683255910873413 0.41457366943359375
vt 0.9181007146835327 0.3386387825012207
vt 0.8681303858757019 0.2648037075996399
vt 0.8682276010513306 0.33968842029571533
vt 0.9181007146835327 0.3386387825012207
vt 0.9180096387863159 0.26889562606811523
vt 0.8681303858757019 0.2648037075996399
vt 0.9180096387863159 0.26889562606811523
vt 0.9179250597953796 0.20365643501281738
vt 0.8681303858757019 0.2648037075996399
vt 0.9179250597953796 0.20365643501281738
vt 0.8680427670478821 0.197404146194458
vt 0.8681303858757019 0.2648037075996399
vt 0.9179250597953796 0.20365643501281738
vt 0.8679660558700562 0.13855832815170288
vt 0.8680427670478821 0.197404146194458
vt 0.9179250597953796 0.20365643501281738
vt 0.917847216129303 0.14428019523620605
vt 0.8679660558700562 0.13855832815170288
vt 0.917847216129303 0.14428019523620605
vt 0.917776346206665 0.08971381187438965
vt 0.8679660558700562 0.13855832815170288
vt 0.917776346206665 0.08971381187438965
vt 0.8678975105285645 0.08585989475250244
vt 0.8679660558700562 0.13855832815170288
vt 0.917776346206665 0.08971381187438965
vt 0.8678333759307861 0.03675806522369385
vt 0.8678975105285645 0.08585989475250244
vt 0.917776346206665 0.08971381187438965
vt 0.9177089929580688 0.03823584318161011
vt 0.8678333759307861 0.03675806522369385
vt 0.9177089929580688 0.03823584318161011
vt 0.9176440238952637 -0.011772990226745605
vt 0.8678333759307861 0.03675806522369385
vt 0.9176440238952637 -0.011772990226745605
vt 0.8677713871002197 -0.010723590850830078
vt 0.8678333759307861 0.03675806522369385
vt 0.9176440238952637 -0.011772990226745605
vt 0.8677093386650085 -0.05820631980895996
vt 0.8677713871002197 -0.010723590850830078
vt 0.9176440238952637 -0.011772990226745605
vt 0.917579174041748 -0.06178104877471924
vt 0.8677093386650085 -0.05820631980895996
vt 0.9184921979904175 0.6390417218208313
vt 0.9184252023696899 0.5875652432441711
vt 0.8686226606369019 0.6426185369491577
vt 0.9184252023696899 0.5875652432441711
vt 0.8685587048530579 0.5935162305831909
vt 0.8686226606369019 0.6426185369491577
vt 0.8684899806976318 0.5408186316490173
vt 0.8302347660064697 0.48972630500793457
vt 0.8303102850914001 0.5476568937301636
vt 0.8684899806976318 0.5408186316490173
vt 0.8684132695198059 0.48197323083877563
vt 0.8302347660064697 0.48972630500793457
vt 0.8684132695198059 0.48197323083877563
vt 0.8683255910873413 0.41457366943359375
vt 0.8302347660064697 0.48972630500793457
vt 0.8683255910873413 0.41457366943359375
vt 0.8301446437835693 0.42067182064056396
vt 0.8302347660064697 0.48972630500793457
vt 0.8683255910873413 0.41457366943359375
vt 0.8300402760505676 0.34049153327941895
vt 0.8301446437835693 0.42067182064056396
vt 0.8683255910873413 0.41457366943359375
vt 0.8682276010513306 0.33968842029571533
vt 0.8300402760505676 0.34049153327941895
vt 0.8682276010513306 0.33968842029571533
vt 0.8681303858757019 0.2648037075996399
vt 0.8300402760505676 0.34049153327941895
vt 0.8681303858757019 0.2648037075996399
vt 0.8299356698989868 0.2603108882904053
vt 0.8300402760505676 0.34049153327941895
vt 0.8681303858757019 0.2648037075996399
vt 0.8298456072807312 0.19125652313232422
vt 0.8299356698989868 0.2603108882904053
vt 0.8681303858757019 0.2648037075996399
vt 0.8680427670478821 0.197404146194458
vt 0.8298456072807312 0.19125652313232422
vt 0.8680427670478821 0.197404146194458
vt 0.8679660558700562 0.13855832815170288
vt 0.8298456072807312 0.19125652313232422
vt 0.8679660558700562 0.13855832815170288
vt 0.8297703266143799 0.13332778215408325
vt 0.8298456072807312 0.19125652313232422
vt 0.8679660558700562 0.13855832815170288
vt 0.8297039270401001 0.08247482776641846
vt 0.8297703266143799 0.13332778215408325
vt 0.8679660558700562 0.13855832815170288
vt 0.8678975105285645 0.08585989475250244
vt 0.8297039270401001 0.08247482776641846
vt 0.8678975105285645 0.08585989475250244
vt 0.8678333759307861 0.03675806522369385
vt 0.8297039270401001 0.08247482776641846
vt 0.8678333759307861 0.03675806522369385
vt 0.8296429514884949 0.0354495644569397
vt 0.8297039270401001 0.08247482776641846
vt 0.8678333759307861 0.03675806522369385
vt 0.8295838236808777 -0.00991976261138916
vt 0.8296429514884949 0.0354495644569397
vt 0.8678333759307861 0.03675806522369385
vt 0.8677713871002197 -0.010723590850830078
vt 0.8295838236808777 -0.00991976261138916
vt 0.8677713871002197 -0.010723590850830078
vt 0.8677093386650085 -0.05820631980895996
vt 0.8295838236808777 -0.00991976261138916
vt 0.8677093386650085 -0.05820631980895996
vt 0.8295245170593262 -0.05529189109802246
vt 0.8295838236808777 -0.00991976261138916
vt 0.8686226606369019 0.6426185369491577
vt 0.8303765058517456 0.5985075235366821
vt 0.8304375410079956 0.6455343961715698
vt 0.8686226606369019 0.6426185369491577
vt 0.8685587048530579 0.5935162305831909
vt 0.8303765058517456 0.5985075235366821
vt 0.8303102850914001 0.5476568937301636
vt 0.8302347660064697 0.48972630500793457
vt 0.5238485336303711 0.5673372745513916
vt 0.8302347660064697 0.48972630500793457
vt 0.5237777233123779 0.5130090713500977
vt 0.5238485336303711 0.5673372745513916
vt 0.8302347660064697 0.48972630500793457
vt 0.5236852765083313 0.4420151710510254
vt 0.5237777233123779 0.5130090713500977
vt 0.8302347660064697 0.48972630500793457
vt 0.8301446437835693 0.42067182064056396
vt 0.5236852765083313 0.4420151710510254
vt 0.8301446437835693 0.42067182064056396
vt 0.8300402760505676 0.34049153327941895
vt 0.5236852765083313 0.4420151710510254
vt 0.8300402760505676 0.34049153327941895
vt 0.5235611796379089 0.3469391465187073
vt 0.5236852765083313 0.4420151710510254
vt 0.8300402760505676 0.34049153327941895
vt 0.5234374403953552 0.2518632411956787
vt 0.5235611796379089 0.3469391465187073
vt 0.8300402760505676 0.34049153327941895
vt 0.8299356698989868 0.2603108882904053
vt 0.5234374403953552 0.2518632411956787
vt 0.8299356698989868 0.2603108882904053
vt 0.8298456072807312 0.19125652313232422
vt 0.5234374403953552 0.2518632411956787
vt 0.8298456072807312 0.19125652313232422
vt 0.5233447551727295 0.18086838722229004
vt 0.5234374403953552 0.2518632411956787
vt 0.8298456072807312 0.19125652313232422
vt 0.5232742428779602 0.1265394687652588
vt 0.5233447551727295 0.18086838722229004
vt 0.8298456072807312 0.19125652313232422
vt 0.8297703266143799 0.13332778215408325
vt 0.5232742428779602 0.1265394687652588
vt 0.8297703266143799 0.13332778215408325
vt 0.8297039270401001 0.08247482776641846
vt 0.5232742428779602 0.1265394687652588
vt 0.8297039270401001 0.08247482776641846
vt 0.5232140421867371 0.08022379875183105
vt 0.5232742428779602 0.1265394687652588
vt 0.8297039270401001 0.08247482776641846
vt 0.5231581330299377 0.03762662410736084
vt 0.5232140421867371 0.08022379875183105
vt 0.8297039270401001 0.08247482776641846
vt 0.8296429514884949 0.0354495644569397
vt 0.5231581330299377 0.03762662410736084
vt 0.8296429514884949 0.0354495644569397
vt 0.8295838236808777 -0.00991976261138916
vt 0.5231581330299377 0.03762662410736084
vt 0.8295838236808777 -0.00991976261138916
vt 0.5231045484542847 -0.003474116325378418
vt 0.5231581330299377 0.03762662410736084
vt 0.8295838236808777 -0.00991976261138916
vt 0.5230511426925659 -0.04457437992095947
vt 0.5231045484542847 -0.003474116325378418
vt 0.8295838236808777 -0.00991976261138916
vt 0.8295245170593262 -0.05529189109802246
vt 0.5230511426925659 -0.04457437992095947
vt 0.8304375410079956 0.6455343961715698
vt 0.8303765058517456 0.5985075235366821
vt 0.5239643454551697 0.65625
vt 0.8303765058517456 0.5985075235366821
vt 0.5239088535308838 0.6136538982391357
vt 0.5239643454551697 0.65625
vt 0.9184252023696899 0.5875652432441711
vt 0.8684899806976318 0.5408186316490173
vt 0.8685587048530579 0.5935162305831909
vt 0.9184252023696899 0.5875652432441711
vt 0.9183540344238281 0.5329979062080383
vt 0.8684899806976318 0.5408186316490173
vt 0.8685587048530579 0.5935162305831909
vt 0.8684899806976318 0.5408186316490173
vt 0.8303765058517456 0.5985075235366821
vt 0.8684899806976318 0.5408186316490173
vt 0.8303102850914001 0.5476568937301636
vt 0.8303765058517456 0.5985075235366821
vt 0.8303765058517456 0.5985075235366821
vt 0.5238485336303711 0.5673372745513916
vt 0.5239088535308838 0.6136538982391357
vt 0.8303765058517456 0.5985075235366821
vt 0.8303102850914001 0.5476568937301636
vt 0.5238485336303711 0.5673372745513916
vt 1.1755118370056152 3.3073623180389404
vt 1.010000467300415 2.6921029090881348
vt 1.0591717958450317 2.6778149604797363
vt 1.1755118370056152 3.3073623180389404
vt 1.1005750894546509 3.3216497898101807
vt 1.010000467300415 2.6921029090881348
vt 1.1005750894546509 3.3216497898101807
vt 1.0023150444030762 2.7025632858276367
vt 1.010000467300415 2.6921029090881348
vt 1.1005750894546509 3.3216497898101807
vt 1.0710864067077637 3.3321096897125244
vt 1.0023150444030762 2.7025632858276367
vt 1.0710864067077637 3.3321096897125244
vt 1.0191006660461426 2.706389904022217
vt 1.0023150444030762 2.7025632858276367
vt 1.0710864067077637 3.3321096897125244
vt 1.0770962238311768 3.3359375
vt 1.0191006660461426 2.706389904022217
vt 1.0770962238311768 3.3359375
vt 1.047997236251831 2.702561616897583
vt 1.0191006660461426 2.706389904022217
vt 1.0770962238311768 3.3359375
vt 1.1012368202209473 3.3321096897125244
vt 1.047997236251831 2.702561616897583
vt 1.1012368202209473 3.3321096897125244
vt 1.0823678970336914 2.692103862762451
vt 1.047997236251831 2.702561616897583
vt 1.1012368202209473 3.3321096897125244
vt 1.1339881420135498 3.3216497898101807
vt 1.0823678970336914 2.692103862762451
vt 1.1339881420135498 3.3216497898101807
vt 1.1182284355163574 2.6778149604797363
vt 1.0823678970336914 2.692103862762451
vt 1.1339881420135498 3.3216497898101807
vt 1.170274019241333 3.3073623180389404
vt 1.1182284355163574 2.6778149604797363
vt 1.170274019241333 3.3073623180389404
vt 1.152315616607666 2.6635258197784424
vt 1.1182284355163574 2.6778149604797363
vt 1.170274019241333 3.3073623180389404
vt 1.2067006826400757 3.2930750846862793
vt 1.152315616607666 2.6635258197784424
vt 1.2067006826400757 3.2930750846862793
vt 1.1806539297103882 2.653069496154785
vt 1.152315616607666 2.6635258197784424
vt 1.2067006826400757 3.2930750846862793
vt 1.2399318218231201 3.2826149463653564
vt 1.1806539297103882 2.653069496154785
vt 1.2399318218231201 3.2826149463653564
vt 1.1966272592544556 2.6492395401000977
vt 1.1806539297103882 2.653069496154785
vt 1.2399318218231201 3.2826149463653564
vt 1.2651082277297974 3.2787868976593018
vt 1.1966272592544556 2.6492395401000977
vt 1.2651082277297974 3.2787868976593018
vt 1.1878118515014648 2.6530673503875732
vt 1.1966272592544556 2.6492395401000977
vt 1.2651082277297974 3.2787868976593018
vt 1.273222804069519 3.2826149463653564
vt 1.1878118515014648 2.6530673503875732
vt 1.273222804069519 3.2826149463653564
vt 1.137389063835144 2.663529396057129
vt 1.1878118515014648 2.6530673503875732
vt 1.273222804069519 3.2826149463653564
vt 1.247530221939087 3.2930750846862793
vt 1.137389063835144 2.663529396057129
vt 1.247530221939087 3.2930750846862793
vt 1.0591717958450317 2.6778149604797363
vt 1.137389063835144 2.663529396057129
vt 1.247530221939087 3.2930750846862793
vt 1.1755118370056152 3.3073623180389404
vt 1.0591717958450317 2.6778149604797363
vt 1.0591717958450317 2.6778149604797363
vt 1.1021161079406738 1.7021414041519165
vt 1.1746684312820435 1.7262904644012451
vt 1.0591717958450317 2.6778149604797363
vt 1.010000467300415 2.6921029090881348
vt 1.1021161079406738 1.7021414041519165
vt 1.010000467300415 2.6921029090881348
vt 1.0734994411468506 1.6844619512557983
vt 1.1021161079406738 1.7021414041519165
vt 1.010000467300415 2.6921029090881348
vt 1.0023150444030762 2.7025632858276367
vt 1.0734994411468506 1.6844619512557983
vt 1.0023150444030762 2.7025632858276367
vt 1.0794355869293213 1.6779934167861938
vt 1.0734994411468506 1.6844619512557983
vt 1.0023150444030762 2.7025632858276367
vt 1.0191006660461426 2.706389904022217
vt 1.0794355869293213 1.6779934167861938
vt 1.0191006660461426 2.706389904022217
vt 1.1029800176620483 1.6844651699066162
vt 1.0794355869293213 1.6779934167861938
vt 1.0191006660461426 2.706389904022217
vt 1.047997236251831 2.702561616897583
vt 1.1029800176620483 1.6844651699066162
vt 1.047997236251831 2.702561616897583
vt 1.1347770690917969 1.7021440267562866
vt 1.1029800176620483 1.6844651699066162
vt 1.047997236251831 2.702561616897583
vt 1.0823678970336914 2.692103862762451
vt 1.1347770690917969 1.7021440267562866
vt 1.0823678970336914 2.692103862762451
vt 1.1699103116989136 1.7262874841690063
vt 1.1347770690917969 1.7021440267562866
vt 1.0823678970336914 2.692103862762451
vt 1.1182284355163574 2.6778149604797363
vt 1.1699103116989136 1.7262874841690063
vt 1.1182284355163574 2.6778149604797363
vt 1.2051900625228882 1.75043523311615
vt 1.1699103116989136 1.7262874841690063
vt 1.1182284355163574 2.6778149604797363
vt 1.152315616607666 2.6635258197784424
vt 1.2051900625228882 1.75043523311615
vt 1.152315616607666 2.6635258197784424
vt 1.2374634742736816 1.7681224346160889
vt 1.2051900625228882 1.75043523311615
vt 1.152315616607666 2.6635258197784424
vt 1.1806539297103882 2.653069496154785
vt 1.2374634742736816 1.7681224346160889
vt 1.1806539297103882 2.653069496154785
vt 1.2619727849960327 1.774588942527771
vt 1.2374634742736816 1.7681224346160889
vt 1.1806539297103882 2.653069496154785
vt 1.1966272592544556 2.6492395401000977
vt 1.2619727849960327 1.774588942527771
vt 1.1966272592544556 2.6492395401000977
vt 1.2698434591293335 1.76811683177948
vt 1.2619727849960327 1.774588942527771
vt 1.1966272592544556 2.6492395401000977
vt 1.1878118515014648 2.6530673503875732
vt 1.2698434591293335 1.76811683177948
vt 1.1878118515014648 2.6530673503875732
vt 1.244639277458191 1.750434398651123
vt 1.2698434591293335 1.76811683177948
vt 1.1878118515014648 2.6530673503875732
vt 1.137389063835144 2.663529396057129
vt 1.244639277458191 1.750434398651123
vt 1.137389063835144 2.663529396057129
vt 1.1746684312820435 1.7262904644012451
vt 1.244639277458191 1.750434398651123
vt 1.137389063835144 2.663529396057129
vt 1.0591717958450317 2.6778149604797363
vt 1.1746684312820435 1.7262904644012451
vt 1.1746684312820435 1.7262904644012451
vt 1.3120222091674805 0.9176501035690308
vt 1.3312863111495972 0.9417992234230042
vt 1.1746684312820435 1.7262904644012451
vt 1.1021161079406738 1.7021414041519165
vt 1.3120222091674805 0.9176501035690308
vt 1.1021161079406738 1.7021414041519165
vt 1.2917636632919312 0.89996737241745
vt 1.3120222091674805 0.9176501035690308
vt 1.1021161079406738 1.7021414041519165
vt 1.0734994411468506 1.6844619512557983
vt 1.2917636632919312 0.89996737241745
vt 1.0734994411468506 1.6844619512557983
vt 1.2781568765640259 0.8935045599937439
vt 1.2917636632919312 0.89996737241745
vt 1.0734994411468506 1.6844619512557983
vt 1.0794355869293213 1.6779934167861938
vt 1.2781568765640259 0.8935045599937439
vt 1.0794355869293213 1.6779934167861938
vt 1.2745177745819092 0.8999762535095215
vt 1.2781568765640259 0.8935045599937439
vt 1.0794355869293213 1.6779934167861938
vt 1.1029800176620483 1.6844651699066162
vt 1.2745177745819092 0.8999762535095215
vt 1.1029800176620483 1.6844651699066162
vt 1.2799710035324097 0.9176530838012695
vt 1.2745177745819092 0.8999762535095215
vt 1.1029800176620483 1.6844651699066162
vt 1.1347770690917969 1.7021440267562866
vt 1.2799710035324097 0.9176530838012695
vt 1.1347770690917969 1.7021440267562866
vt 1.291793704032898 0.9417932629585266
vt 1.2799710035324097 0.9176530838012695
vt 1.1347770690917969 1.7021440267562866
vt 1.1699103116989136 1.7262874841690063
vt 1.291793704032898 0.9417932629585266
vt 1.1699103116989136 1.7262874841690063
vt 1.3069968223571777 0.9659338593482971
vt 1.291793704032898 0.9417932629585266
vt 1.1699103116989136 1.7262874841690063
vt 1.2051900625228882 1.75043523311615
vt 1.3069968223571777 0.9659338593482971
vt 1.2051900625228882 1.75043523311615
vt 1.3226937055587769 0.983630895614624
vt 1.3069968223571777 0.9659338593482971
vt 1.2051900625228882 1.75043523311615
vt 1.2374634742736816 1.7681224346160889
vt 1.3226937055587769 0.983630895614624
vt 1.2374634742736816 1.7681224346160889
vt 1.3359050750732422 0.9900926351547241
vt 1.3226937055587769 0.983630895614624
vt 1.2374634742736816 1.7681224346160889
vt 1.2619727849960327 1.774588942527771
vt 1.3359050750732422 0.9900926351547241
vt 1.2619727849960327 1.774588942527771
vt 1.3435357809066772 0.9836207628250122
vt 1.3359050750732422 0.9900926351547241
vt 1.2619727849960327 1.774588942527771
vt 1.2698434591293335 1.76811683177948
vt 1.3435357809066772 0.9836207628250122
vt 1.2698434591293335 1.76811683177948
vt 1.3425441980361938 0.9659304022789001
vt 1.3435357809066772 0.9836207628250122
vt 1.2698434591293335 1.76811683177948
vt 1.244639277458191 1.750434398651123
vt 1.3425441980361938 0.9659304022789001
vt 1.244639277458191 1.750434398651123
vt 1.3312863111495972 0.9417992234230042
vt 1.3425441980361938 0.9659304022789001
vt 1.244639277458191 1.750434398651123
vt 1.1746684312820435 1.7262904644012451
vt 1.3312863111495972 0.9417992234230042
vt 1.3312863111495972 0.9417992234230042
vt 1.3120222091674805 0.9176501035690308
vt 1.3856219053268433 0
vt 1.3120222091674805 0.9176501035690308
vt 1.2917636632919312 0.89996737241745
vt 1.3856219053268433 0
vt 1.2917636632919312 0.89996737241745
vt 1.2781568765640259 0.8935045599937439
vt 1.3856219053268433 0
vt 1.2781568765640259 0.8935045599937439
vt 1.2745177745819092 0.8999762535095215
vt 1.3856219053268433 0
vt 1.2745177745819092 0.8999762535095215
vt 1.2799710035324097 0.9176530838012695
vt 1.3856219053268433 0
vt 1.2799710035324097 0.9176530838012695
vt 1.291793704032898 0.9417932629585266
vt 1.3856219053268433 0
vt 1.291793704032898 0.9417932629585266
vt 1.3069968223571777 0.9659338593482971
vt 1.3856219053268433 0
vt 1.3069968223571777 0.9659338593482971
vt 1.3226937055587769 0.983630895614624
vt 1.3856219053268433 0
vt 1.3226937055587769 0.983630895614624
vt 1.3359050750732422 0.9900926351547241
vt 1.3856219053268433 0
vt 1.3359050750732422 0.9900926351547241
vt 1.3435357809066772 0.9836207628250122
vt 1.3856219053268433 0
vt 1.3435357809066772 0.9836207628250122
vt 1.3425441980361938 0.9659304022789001
vt 1.3856219053268433 0
vt 1.3425441980361938 0.9659304022789001
vt 1.3312863111495972 0.9417992234230042
vt 1.3856219053268433 0
vn -0.9136132057796037 0.406584444150402 -1.55507337646905e-7
vn -0.791212167665803 0.40658451470533935 0.45680667479734216
vn -0.9296164533616469 0.36852849230316714 -2.5945491962637617e-7
vn -0.791212167665803 0.40658451470533935 0.45680667479734216
vn -0.8074196795930989 0.3616135547509849 0.4661642393257274
vn -0.9296164533616469 0.36852849230316714 -2.5945491962637617e-7
vn -0.791212167665803 0.40658451470533935 0.45680667479734216
vn -0.4648082127548754 0.36852839185486164 0.8050715184084506
vn -0.8074196795930989 0.3616135547509849 0.4661642393257274
vn -0.791212167665803 0.40658451470533935 0.45680667479734216
vn -0.4568065062070458 0.4065846230414681 0.7912122093301767
vn -0.4648082127548754 0.36852839185486164 0.8050715184084506
vn -0.4568065062070458 0.4065846230414681 0.7912122093301767
vn 0 0.40658447176095514 0.9136131934921173
vn -0.4648082127548754 0.36852839185486164 0.8050715184084506
vn 0 0.40658447176095514 0.9136131934921173
vn 0 0.3616134351772534 0.9323281200839683
vn -0.4648082127548754 0.36852839185486164 0.8050715184084506
vn 0 0.40658447176095514 0.9136131934921173
vn 0.4648083854508934 0.3685283273995796 0.8050714482073017
vn 0 0.3616134351772534 0.9323281200839683
vn 0 0.40658447176095514 0.9136131934921173
vn 0.4568066832177318 0.4065846777646192 0.7912120790121038
vn 0.4648083854508934 0.3685283273995796 0.8050714482073017
vn 0.4568066832177318 0.4065846777646192 0.7912120790121038
vn 0.7912125255572491 0.4065843641751291 0.45680618889155344
vn 0.4648083854508934 0.3685283273995796 0.8050714482073017
vn 0.7912125255572491 0.4065843641751291 0.45680618889155344
vn 0.8074200526287822 0.3616131773290381 0.4661638859831724
vn 0.4648083854508934 0.3685283273995796 0.8050714482073017
vn 0.7912125255572491 0.4065843641751291 0.45680618889155344
vn 0.9296167103614451 0.3685278440182715 9.757282581204662e-8
vn 0.8074200526287822 0.3616131773290381 0.4661638859831724
vn 0.7912125255572491 0.4065843641751291 0.45680618889155344
vn 0.9136134001782666 0.40658400732776784 9.027978527593024e-17
vn 0.9296167103614451 0.3685278440182715 9.757282581204662e-8
vn 0.9136134001782666 0.40658400732776784 9.027978527593024e-17
vn 0.7912124618005354 0.4065844522754628 -0.45680622090706924
vn 0.9296167103614451 0.3685278440182715 9.757282581204662e-8
vn 0.7912124618005354 0.4065844522754628 -0.45680622090706924
vn 0.8074200670141005 0.36161296894014044 -0.46616402271865864
vn 0.9296167103614451 0.3685278440182715 9.757282581204662e-8
vn 0.7912124618005354 0.4065844522754628 -0.45680622090706924
vn 0.46480847490239185 0.3685282318546961 -0.8050714402989115
vn 0.8074200670141005 0.36161296894014044 -0.46616402271865864
vn 0.7912124618005354 0.4065844522754628 -0.45680622090706924
vn 0.45680674928920484 0.4065848292555754 -0.7912119630181564
vn 0.46480847490239185 0.3685282318546961 -0.8050714402989115
vn 0.45680674928920484 0.4065848292555754 -0.7912119630181564
vn 9.665420179633268e-8 0.4065846680314301 -0.913613106146011
vn 0.46480847490239185 0.3685282318546961 -0.8050714402989115
vn 9.665420179633268e-8 0.4065846680314301 -0.913613106146011
vn 2.2646482081065954e-7 0.3616133114610244 -0.9323281680685943
vn 0.46480847490239185 0.3685282318546961 -0.8050714402989115
vn 9.665420179633268e-8 0.4065846680314301 -0.913613106146011
vn -0.46480820875185996 0.3685283167299443 -0.805071555108663
vn 2.2646482081065954e-7 0.3616133114610244 -0.9323281680685943
vn 9.665420179633268e-8 0.4065846680314301 -0.913613106146011
vn -0.45680639442305143 0.4065845071646238 -0.7912123334149384
vn -0.46480820875185996 0.3685283167299443 -0.805071555108663
vn -0.45680639442305143 0.4065845071646238 -0.7912123334149384
vn -0.7912120105183629 0.40658464422146384 -0.4568068317076655
vn -0.46480820875185996 0.3685283167299443 -0.805071555108663
vn -0.7912120105183629 0.40658464422146384 -0.4568068317076655
vn -0.8074195994159866 0.3616135126274158 -0.46616441087259075
vn -0.46480820875185996 0.3685283167299443 -0.805071555108663
vn -0.9296164533616469 0.36852849230316714 -2.5945491962637617e-7
vn -0.8596841090886002 0.11464708240626989 0.49779441446873396
vn -0.9866201922343032 0.16303556751686638 3.620116817801086e-17
vn -0.9296164533616469 0.36852849230316714 -2.5945491962637617e-7
vn -0.8074196795930989 0.3616135547509849 0.4661642393257274
vn -0.8596841090886002 0.11464708240626989 0.49779441446873396
vn -0.8074196795930989 0.3616135547509849 0.4661642393257274
vn -0.4648082127548754 0.36852839185486164 0.8050715184084506
vn -0.8596841090886002 0.11464708240626989 0.49779441446873396
vn -0.4648082127548754 0.36852839185486164 0.8050715184084506
vn -0.4992895100119892 0.05328923862811133 0.8647949133976355
vn -0.8596841090886002 0.11464708240626989 0.49779441446873396
vn -0.4648082127548754 0.36852839185486164 0.8050715184084506
vn 0 0.05578078550400616 0.9984430399219357
vn -0.4992895100119892 0.05328923862811133 0.8647949133976355
vn -0.4648082127548754 0.36852839185486164 0.8050715184084506
vn 0 0.3616134351772534 0.9323281200839683
vn 0 0.05578078550400616 0.9984430399219357
vn 0 0.3616134351772534 0.9323281200839683
vn 0.4648083854508934 0.3685283273995796 0.8050714482073017
vn 0 0.05578078550400616 0.9984430399219357
vn 0.4648083854508934 0.3685283273995796 0.8050714482073017
vn 0.49928965355319543 0.053289144367514196 0.8647948363324728
vn 0 0.05578078550400616 0.9984430399219357
vn 0.4648083854508934 0.3685283273995796 0.8050714482073017
vn 0.8596842481566465 0.11464678653316959 0.49779424244255704
vn 0.49928965355319543 0.053289144367514196 0.8647948363324728
vn 0.4648083854508934 0.3685283273995796 0.8050714482073017
vn 0.8074200526287822 0.3616131773290381 0.4661638859831724
vn 0.8596842481566465 0.11464678653316959 0.49779424244255704
vn 0.8074200526287822 0.3616131773290381 0.4661638859831724
vn 0.9296167103614451 0.3685278440182715 9.757282581204662e-8
vn 0.8596842481566465 0.11464678653316959 0.49779424244255704
vn 0.9296167103614451 0.3685278440182715 9.757282581204662e-8
vn 0.986620249760009 0.16303521939494198 5.838826044187811e-7
vn 0.8596842481566465 0.11464678653316959 0.49779424244255704
vn 0.9296167103614451 0.3685278440182715 9.757282581204662e-8
vn 0.8456374151401107 0.22788818866220553 -0.4826637914567561
vn 0.986620249760009 0.16303521939494198 5.838826044187811e-7
vn 0.9296167103614451 0.3685278440182715 9.757282581204662e-8
vn 0.8074200670141005 0.36161296894014044 -0.46616402271865864
vn 0.8456374151401107 0.22788818866220553 -0.4826637914567561
vn 0.8074200670141005 0.36161296894014044 -0.46616402271865864
vn 0.46480847490239185 0.3685282318546961 -0.8050714402989115
vn 0.8456374151401107 0.22788818866220553 -0.4826637914567561
vn 0.46480847490239185 0.3685282318546961 -0.8050714402989115
vn 0.4820904693701288 0.2652452701198169 -0.8350052251462587
vn 0.8456374151401107 0.22788818866220553 -0.4826637914567561
vn 0.46480847490239185 0.3685282318546961 -0.8050714402989115
vn -4.8219329147226336e-8 0.28199149318153605 -0.959416905090402
vn 0.4820904693701288 0.2652452701198169 -0.8350052251462587
vn 0.46480847490239185 0.3685282318546961 -0.8050714402989115
vn 2.2646482081065954e-7 0.3616133114610244 -0.9323281680685943
vn -4.8219329147226336e-8 0.28199149318153605 -0.959416905090402
vn 2.2646482081065954e-7 0.3616133114610244 -0.9323281680685943
vn -0.46480820875185996 0.3685283167299443 -0.805071555108663
vn -4.8219329147226336e-8 0.28199149318153605 -0.959416905090402
vn -0.46480820875185996 0.3685283167299443 -0.805071555108663
vn -0.48209056693092095 0.2652454236176428 -0.8350051200598235
vn -4.8219329147226336e-8 0.28199149318153605 -0.959416905090402
vn -0.46480820875185996 0.3685283167299443 -0.805071555108663
vn -0.8456372574302626 0.2278884327680373 -0.4826639525139115
vn -0.48209056693092095 0.2652454236176428 -0.8350051200598235
vn -0.46480820875185996 0.3685283167299443 -0.805071555108663
vn -0.8074195994159866 0.3616135126274158 -0.46616441087259075
vn -0.8456372574302626 0.2278884327680373 -0.4826639525139115
vn -0.9866201922343032 0.16303556751686638 3.620116817801086e-17
vn -0.8596841090886002 0.11464708240626989 0.49779441446873396
vn -0.9971272614718862 0.06573421290074243 0.03763293350107575
vn -0.8596841090886002 0.11464708240626989 0.49779441446873396
vn -0.8360137798629705 -0.05214851261749986 0.5462247637291918
vn -0.9971272614718862 0.06573421290074243 0.03763293350107575
vn -0.8596841090886002 0.11464708240626989 0.49779441446873396
vn -0.4692819415557588 -0.08393202720345998 0.8790505526641658
vn -0.8360137798629705 -0.05214851261749986 0.5462247637291918
vn -0.8596841090886002 0.11464708240626989 0.49779441446873396
vn -0.4992895100119892 0.05328923862811133 0.8647949133976355
vn -0.4692819415557588 -0.08393202720345998 0.8790505526641658
vn -0.4992895100119892 0.05328923862811133 0.8647949133976355
vn 0 0.05578078550400616 0.9984430399219357
vn -0.4692819415557588 -0.08393202720345998 0.8790505526641658
vn 0 0.05578078550400616 0.9984430399219357
vn 0.056143957004133056 -0.13313989076277358 0.9895057481286275
vn -0.4692819415557588 -0.08393202720345998 0.8790505526641658
vn 0 0.05578078550400616 0.9984430399219357
vn 0.531941389287194 -0.07735167086147533 0.8432408181404336
vn 0.056143957004133056 -0.13313989076277358 0.9895057481286275
vn 0 0.05578078550400616 0.9984430399219357
vn 0.49928965355319543 0.053289144367514196 0.8647948363324728
vn 0.531941389287194 -0.07735167086147533 0.8432408181404336
vn 0.49928965355319543 0.053289144367514196 0.8647948363324728
vn 0.8596842481566465 0.11464678653316959 0.49779424244255704
vn 0.531941389287194 -0.07735167086147533 0.8432408181404336
vn 0.8596842481566465 0.11464678653316959 0.49779424244255704
vn 0.8914063293773618 -0.034768030359284434 0.4518693837946034
vn 0.531941389287194 -0.07735167086147533 0.8432408181404336
vn 0.8596842481566465 0.11464678653316959 0.49779424244255704
vn 0.9964228236593276 0.07841698328070422 -0.031501320987008516
vn 0.8914063293773618 -0.034768030359284434 0.4518693837946034
vn 0.8596842481566465 0.11464678653316959 0.49779424244255704
vn 0.986620249760009 0.16303521939494198 5.838826044187811e-7
vn 0.9964228236593276 0.07841698328070422 -0.031501320987008516
vn 0.986620249760009 0.16303521939494198 5.838826044187811e-7
vn 0.8456374151401107 0.22788818866220553 -0.4826637914567561
vn 0.9964228236593276 0.07841698328070422 -0.031501320987008516
vn 0.8456374151401107 0.22788818866220553 -0.4826637914567561
vn 0.8369893610412906 0.14095487974225526 -0.528753753065204
vn 0.9964228236593276 0.07841698328070422 -0.031501320987008516
vn 0.8456374151401107 0.22788818866220553 -0.4826637914567561
vn 0.4631616568689809 0.2212144331049102 -0.8582222638643521
vn 0.8369893610412906 0.14095487974225526 -0.528753753065204
vn 0.8456374151401107 0.22788818866220553 -0.4826637914567561
vn 0.4820904693701288 0.2652452701198169 -0.8350052251462587
vn 0.4631616568689809 0.2212144331049102 -0.8582222638643521
vn 0.4820904693701288 0.2652452701198169 -0.8350052251462587
vn -4.8219329147226336e-8 0.28199149318153605 -0.959416905090402
vn 0.4631616568689809 0.2212144331049102 -0.8582222638643521
vn -4.8219329147226336e-8 0.28199149318153605 -0.959416905090402
vn -0.05326924378468024 0.21886767017900324 -0.9742994050172786
vn 0.4631616568689809 0.2212144331049102 -0.8582222638643521
vn -4.8219329147226336e-8 0.28199149318153605 -0.959416905090402
vn -0.5220635036860124 0.21518317798847528 -0.8253156353964615
vn -0.05326924378468024 0.21886767017900324 -0.9742994050172786
vn -4.8219329147226336e-8 0.28199149318153605 -0.959416905090402
vn -0.48209056693092095 0.2652454236176428 -0.8350051200598235
vn -0.5220635036860124 0.21518317798847528 -0.8253156353964615
vn -0.48209056693092095 0.2652454236176428 -0.8350051200598235
vn -0.8456372574302626 0.2278884327680373 -0.4826639525139115
vn -0.5220635036860124 0.21518317798847528 -0.8253156353964615
vn -0.8456372574302626 0.2278884327680373 -0.4826639525139115
vn -0.8909471887424867 0.12402455035868044 -0.436842097078781
vn -0.5220635036860124 0.21518317798847528 -0.8253156353964615
vn -0.7912120105183629 0.40658464422146384 -0.4568068317076655
vn -0.9296164533616469 0.36852849230316714 -2.5945491962637617e-7
vn -0.8074195994159866 0.3616135126274158 -0.46616441087259075
vn -0.7912120105183629 0.40658464422146384 -0.4568068317076655
vn -0.9136132057796037 0.406584444150402 -1.55507337646905e-7
vn -0.9296164533616469 0.36852849230316714 -2.5945491962637617e-7
vn -0.8074195994159866 0.3616135126274158 -0.46616441087259075
vn -0.9296164533616469 0.36852849230316714 -2.5945491962637617e-7
vn -0.8456372574302626 0.2278884327680373 -0.4826639525139115
vn -0.9296164533616469 0.36852849230316714 -2.5945491962637617e-7
vn -0.9866201922343032 0.16303556751686638 3.620116817801086e-17
vn -0.8456372574302626 0.2278884327680373 -0.4826639525139115
vn -0.8456372574302626 0.2278884327680373 -0.4826639525139115
vn -0.9971272614718862 0.06573421290074243 0.03763293350107575
vn -0.8909471887424867 0.12402455035868044 -0.436842097078781
vn -0.8456372574302626 0.2278884327680373 -0.4826639525139115
vn -0.9866201922343032 0.16303556751686638 3.620116817801086e-17
vn -0.9971272614718862 0.06573421290074243 0.03763293350107575
vn -0.9971272614718862 0.06573421290074243 0.03763293350107575
vn -0.9070726262500343 -0.0762608020144789 0.4140091071268533
vn -0.9960360547244548 0.016112525048755925 -0.08747893589599955
vn -0.9971272614718862 0.06573421290074243 0.03763293350107575
vn -0.8360137798629705 -0.05214851261749986 0.5462247637291918
vn -0.9070726262500343 -0.0762608020144789 0.4140091071268533
vn -0.8360137798629705 -0.05214851261749986 0.5462247637291918
vn -0.5750664088489809 -0.1482040932135847 0.8045707999724301
vn -0.9070726262500343 -0.0762608020144789 0.4140091071268533
vn -0.8360137798629705 -0.05214851261749986 0.5462247637291918
vn -0.4692819415557588 -0.08393202720345998 0.8790505526641658
vn -0.5750664088489809 -0.1482040932135847 0.8045707999724301
vn -0.4692819415557588 -0.08393202720345998 0.8790505526641658
vn -0.08894708781963866 -0.18043527066604403 0.9795568021651817
vn -0.5750664088489809 -0.1482040932135847 0.8045707999724301
vn -0.4692819415557588 -0.08393202720345998 0.8790505526641658
vn 0.056143957004133056 -0.13313989076277358 0.9895057481286275
vn -0.08894708781963866 -0.18043527066604403 0.9795568021651817
vn 0.056143957004133056 -0.13313989076277358 0.9895057481286275
vn 0.4209582951862683 -0.16432060035563156 0.8920722246615661
vn -0.08894708781963866 -0.18043527066604403 0.9795568021651817
vn 0.056143957004133056 -0.13313989076277358 0.9895057481286275
vn 0.531941389287194 -0.07735167086147533 0.8432408181404336
vn 0.4209582951862683 -0.16432060035563156 0.8920722246615661
vn 0.531941389287194 -0.07735167086147533 0.8432408181404336
vn 0.8181169538431514 -0.10417370368824069 0.5655373456229725
vn 0.4209582951862683 -0.16432060035563156 0.8920722246615661
vn 0.531941389287194 -0.07735167086147533 0.8432408181404336
vn 0.8914063293773618 -0.034768030359284434 0.4518693837946034
vn 0.8181169538431514 -0.10417370368824069 0.5655373456229725
vn 0.8914063293773618 -0.034768030359284434 0.4518693837946034
vn 0.9960347270884946 -0.01611615039016172 0.08749338335182724
vn 0.8181169538431514 -0.10417370368824069 0.5655373456229725
vn 0.8914063293773618 -0.034768030359284434 0.4518693837946034
vn 0.9964228236593276 0.07841698328070422 -0.031501320987008516
vn 0.9960347270884946 -0.01611615039016172 0.08749338335182724
vn 0.9964228236593276 0.07841698328070422 -0.031501320987008516
vn 0.9070751998204353 0.07625847832212092 -0.4140038965453249
vn 0.9960347270884946 -0.01611615039016172 0.08749338335182724
vn 0.9964228236593276 0.07841698328070422 -0.031501320987008516
vn 0.8369893610412906 0.14095487974225526 -0.528753753065204
vn 0.9070751998204353 0.07625847832212092 -0.4140038965453249
vn 0.8369893610412906 0.14095487974225526 -0.528753753065204
vn 0.5750492233334684 0.14820523560845383 -0.8045828726003417
vn 0.9070751998204353 0.07625847832212092 -0.4140038965453249
vn 0.8369893610412906 0.14095487974225526 -0.528753753065204
vn 0.4631616568689809 0.2212144331049102 -0.8582222638643521
vn 0.5750492233334684 0.14820523560845383 -0.8045828726003417
vn 0.4631616568689809 0.2212144331049102 -0.8582222638643521
vn 0.08898011825060181 0.18043484239511587 -0.9795538812163211
vn 0.5750492233334684 0.14820523560845383 -0.8045828726003417
vn 0.4631616568689809 0.2212144331049102 -0.8582222638643521
vn -0.05326924378468024 0.21886767017900324 -0.9742994050172786
vn 0.08898011825060181 0.18043484239511587 -0.9795538812163211
vn -0.05326924378468024 0.21886767017900324 -0.9742994050172786
vn -0.42099022950037135 0.16431786153013694 -0.8920576590374569
vn 0.08898011825060181 0.18043484239511587 -0.9795538812163211
vn -0.05326924378468024 0.21886767017900324 -0.9742994050172786
vn -0.5220635036860124 0.21518317798847528 -0.8253156353964615
vn -0.42099022950037135 0.16431786153013694 -0.8920576590374569
vn -0.5220635036860124 0.21518317798847528 -0.8253156353964615
vn -0.8181036591568628 0.10417596844080793 -0.5655561603179401
vn -0.42099022950037135 0.16431786153013694 -0.8920576590374569
vn -0.5220635036860124 0.21518317798847528 -0.8253156353964615
vn -0.8909471887424867 0.12402455035868044 -0.436842097078781
vn -0.8181036591568628 0.10417596844080793 -0.5655561603179401
vn -0.8909471887424867 0.12402455035868044 -0.436842097078781
vn -0.9960360547244548 0.016112525048755925 -0.08747893589599955
vn -0.8181036591568628 0.10417596844080793 -0.5655561603179401
vn -0.8909471887424867 0.12402455035868044 -0.436842097078781
vn -0.9971272614718862 0.06573421290074243 0.03763293350107575
vn -0.9960360547244548 0.016112525048755925 -0.08747893589599955
vn -0.9955051249417439 0.011176997467959006 0.09404584489664557
vn -0.9013699319625849 0.05129685267979883 0.43000102169519566
vn -0.9960445311269849 -0.010890181894873029 -0.08818557677036144
vn -0.9955051249417439 0.011176997467959006 0.09404584489664557
vn -0.8067532065809245 0.06936087359654095 0.5868034874515664
vn -0.9013699319625849 0.05129685267979883 0.43000102169519566
vn -0.8067532065809245 0.06936087359654095 0.5868034874515664
vn -0.5621695824784629 0.09673910834467891 0.8213445716948929
vn -0.9013699319625849 0.05129685267979883 0.43000102169519566
vn -0.8067532065809245 0.06936087359654095 0.5868034874515664
vn -0.40681048186488383 0.10629223760109995 0.9073076611991173
vn -0.5621695824784629 0.09673910834467891 0.8213445716948929
vn -0.40681048186488383 0.10629223760109995 0.9073076611991173
vn -0.08441446179451884 0.11578916014711502 0.9896802862704539
vn -0.5621695824784629 0.09673910834467891 0.8213445716948929
vn -0.40681048186488383 0.10629223760109995 0.9073076611991173
vn 0.08672410118841155 0.1157690492683917 0.9894829243117614
vn -0.08441446179451884 0.11578916014711502 0.9896802862704539
vn 0.08672410118841155 0.1157690492683917 0.9894829243117614
vn 0.41193705219087207 0.10603113301615552 0.90502224495512
vn -0.08441446179451884 0.11578916014711502 0.9896802862704539
vn 0.08672410118841155 0.1157690492683917 0.9894829243117614
vn 0.5605465966628266 0.09687170441513233 0.8224374662267214
vn 0.41193705219087207 0.10603113301615552 0.90502224495512
vn 0.5605465966628266 0.09687170441513233 0.8224374662267214
vn 0.8098073101816229 0.0688669937059642 0.582640075479114
vn 0.41193705219087207 0.10603113301615552 0.90502224495512
vn 0.5605465966628266 0.09687170441513233 0.8224374662267214
vn 0.9001283403523036 0.05159822712636073 0.4325581970695092
vn 0.8098073101816229 0.0688669937059642 0.582640075479114
vn 0.9001283403523036 0.05159822712636073 0.4325581970695092
vn 0.9955914806606938 0.011066572020571985 0.0931404027238514
vn 0.8098073101816229 0.0688669937059642 0.582640075479114
vn 0.9001283403523036 0.05159822712636073 0.4325581970695092
vn 0.995959094077229 -0.01099937678586309 -0.08913190582046204
vn 0.9955914806606938 0.011066572020571985 0.0931404027238514
vn 0.995959094077229 -0.01099937678586309 -0.08913190582046204
vn 0.9034571805424577 -0.0522855606643463 -0.4254777821135762
vn 0.9955914806606938 0.011066572020571985 0.0931404027238514
vn 0.995959094077229 -0.01099937678586309 -0.08913190582046204
vn 0.8085902900630435 -0.07251122568164531 -0.5838868597304692
vn 0.9034571805424577 -0.0522855606643463 -0.4254777821135762
vn 0.8085902900630435 -0.07251122568164531 -0.5838868597304692
vn 0.5649937835635088 -0.10211671614659958 -0.8187516111849952
vn 0.9034571805424577 -0.0522855606643463 -0.4254777821135762
vn 0.8085902900630435 -0.07251122568164531 -0.5838868597304692
vn 0.4073775622704562 -0.11377158520926874 -0.9061454343302463
vn 0.5649937835635088 -0.10211671614659958 -0.8187516111849952
vn 0.4073775622704562 -0.11377158520926874 -0.9061454343302463
vn 0.08547036189257533 -0.12432979220117907 -0.9885529424412046
vn 0.5649937835635088 -0.10211671614659958 -0.8187516111849952
vn 0.4073775622704562 -0.11377158520926874 -0.9061454343302463
vn -0.08809194987280781 -0.12429642756932992 -0.9883269734562086
vn 0.08547036189257533 -0.12432979220117907 -0.9885529424412046
vn -0.08809194987280781 -0.12429642756932992 -0.9883269734562086
vn -0.4134318178465037 -0.11342275739386122 -0.9034430862524261
vn 0.08547036189257533 -0.12432979220117907 -0.9885529424412046
vn -0.08809194987280781 -0.12429642756932992 -0.9883269734562086
vn -0.5631741165913287 -0.10226756525212201 -0.8199855239569657
vn -0.4134318178465037 -0.11342275739386122 -0.9034430862524261
vn -0.5631741165913287 -0.10226756525212201 -0.8199855239569657
vn -0.8119030454087622 -0.07195641192475716 -0.5793407629701989
vn -0.4134318178465037 -0.11342275739386122 -0.9034430862524261
vn -0.5631741165913287 -0.10226756525212201 -0.8199855239569657
vn -0.9021874759518749 -0.052623116272826495 -0.4281221389619108
vn -0.8119030454087622 -0.07195641192475716 -0.5793407629701989
vn -0.9021874759518749 -0.052623116272826495 -0.4281221389619108
vn -0.9960445311269849 -0.010890181894873029 -0.08818557677036144
vn -0.8119030454087622 -0.07195641192475716 -0.5793407629701989
vn -0.9021874759518749 -0.052623116272826495 -0.4281221389619108
vn -0.9955051249417439 0.011176997467959006 0.09404584489664557
vn -0.9960445311269849 -0.010890181894873029 -0.08818557677036144
vn -0.9244363283121939 0.376774047341892 -0.058811496718580394
vn -0.8608409843113454 0.42084283097630854 0.28608409837968984
vn -0.9637833976168633 0.22156861751986573 -0.14842139403883323
vn -0.9244363283121939 0.376774047341892 -0.058811496718580394
vn -0.7604017337572495 0.5428768027870157 0.3564743753689971
vn -0.8608409843113454 0.42084283097630854 0.28608409837968984
vn -0.7604017337572495 0.5428768027870157 0.3564743753689971
vn -0.5408251121095664 0.5348313884225033 0.6492022674557848
vn -0.8608409843113454 0.42084283097630854 0.28608409837968984
vn -0.7604017337572495 0.5428768027870157 0.3564743753689971
vn -0.41026173044156944 0.5928711009290765 0.6929568314247532
vn -0.5408251121095664 0.5348313884225033 0.6492022674557848
vn -0.41026173044156944 0.5928711009290765 0.6929568314247532
vn -0.0606214074808028 0.5286655749330614 0.8466627161011296
vn -0.5408251121095664 0.5348313884225033 0.6492022674557848
vn -0.41026173044156944 0.5928711009290765 0.6929568314247532
vn 0.07573348908638887 0.4990079323732456 0.863281832346413
vn -0.0606214074808028 0.5286655749330614 0.8466627161011296
vn 0.07573348908638887 0.4990079323732456 0.863281832346413
vn 0.45354878247644304 0.39046859177489157 0.8011415485115405
vn -0.0606214074808028 0.5286655749330614 0.8466627161011296
vn 0.07573348908638887 0.4990079323732456 0.863281832346413
vn 0.5664778347557331 0.2620760796498966 0.7812931531799043
vn 0.45354878247644304 0.39046859177489157 0.8011415485115405
vn 0.5664778347557331 0.2620760796498966 0.7812931531799043
vn 0.8393147626546316 0.1590651019102013 0.519854809099903
vn 0.45354878247644304 0.39046859177489157 0.8011415485115405
vn 0.5664778347557331 0.2620760796498966 0.7812931531799043
vn 0.8848399499671398 -0.04275783141603344 0.4639289070479956
vn 0.8393147626546316 0.1590651019102013 0.519854809099903
vn 0.8848399499671398 -0.04275783141603344 0.4639289070479956
vn 0.990766684811423 -0.09305567858417833 0.09860028879785372
vn 0.8393147626546316 0.1590651019102013 0.519854809099903
vn 0.8848399499671398 -0.04275783141603344 0.4639289070479956
vn 0.9488214226183251 -0.3137748530123372 0.03582247335994301
vn 0.990766684811423 -0.09305567858417833 0.09860028879785372
vn 0.9488214226183251 -0.3137748530123372 0.03582247335994301
vn 0.8874642554185536 -0.3017137844480116 -0.34839056765138016
vn 0.990766684811423 -0.09305567858417833 0.09860028879785372
vn 0.9488214226183251 -0.3137748530123372 0.03582247335994301
vn 0.780049516684043 -0.4911947933527855 -0.38762149902205517
vn 0.8874642554185536 -0.3017137844480116 -0.34839056765138016
vn 0.780049516684043 -0.4911947933527855 -0.38762149902205517
vn 0.5549308362647746 -0.41853822032922566 -0.7189419483422304
vn 0.8874642554185536 -0.3017137844480116 -0.34839056765138016
vn 0.780049516684043 -0.4911947933527855 -0.38762149902205517
vn 0.4188953316707405 -0.5425271571697426 -0.7281421460386547
vn 0.5549308362647746 -0.41853822032922566 -0.7189419483422304
vn 0.4188953316707405 -0.5425271571697426 -0.7281421460386547
vn 0.061210130551751854 -0.4057279407031484 -0.9119419707693138
vn 0.5549308362647746 -0.41853822032922566 -0.7189419483422304
vn 0.4188953316707405 -0.5425271571697426 -0.7281421460386547
vn -0.07647056718893563 -0.4378921596715704 -0.8957693390890147
vn 0.061210130551751854 -0.4057279407031484 -0.9119419707693138
vn -0.07647056718893563 -0.4378921596715704 -0.8957693390890147
vn -0.4535369631432138 -0.2574331752124553 -0.8532481370403715
vn 0.061210130551751854 -0.4057279407031484 -0.9119419707693138
vn -0.07647056718893563 -0.4378921596715704 -0.8957693390890147
vn -0.5645940084620538 -0.18718401361018347 -0.8038630173465707
vn -0.4535369631432138 -0.2574331752124553 -0.8532481370403715
vn -0.5645940084620538 -0.18718401361018347 -0.8038630173465707
vn -0.8250764738763531 -0.023664886658901756 -0.5645252743635
vn -0.4535369631432138 -0.2574331752124553 -0.8532481370403715
vn -0.5645940084620538 -0.18718401361018347 -0.8038630173465707
vn -0.8686288214861172 0.11798774614888671 -0.48120979026028243
vn -0.8250764738763531 -0.023664886658901756 -0.5645252743635
vn -0.8686288214861172 0.11798774614888671 -0.48120979026028243
vn -0.9637833976168633 0.22156861751986573 -0.14842139403883323
vn -0.8250764738763531 -0.023664886658901756 -0.5645252743635
vn -0.8686288214861172 0.11798774614888671 -0.48120979026028243
vn -0.9244363283121939 0.376774047341892 -0.058811496718580394
vn -0.9637833976168633 0.22156861751986573 -0.14842139403883323
vn -0.9637833976168633 0.22156861751986573 -0.14842139403883323
vn -0.8608409843113454 0.42084283097630854 0.28608409837968984
vn -0.000004761500467138101 0.9220811667770469 -0.3869965398455237
vn -0.8608409843113454 0.42084283097630854 0.28608409837968984
vn -0.5408251121095664 0.5348313884225033 0.6492022674557848
vn -0.000004761500467138101 0.9220811667770469 -0.3869965398455237
vn -0.5408251121095664 0.5348313884225033 0.6492022674557848
vn -0.0606214074808028 0.5286655749330614 0.8466627161011296
vn -0.000004761500467138101 0.9220811667770469 -0.3869965398455237
vn -0.0606214074808028 0.5286655749330614 0.8466627161011296
vn 0.45354878247644304 0.39046859177489157 0.8011415485115405
vn -0.000004761500467138101 0.9220811667770469 -0.3869965398455237
vn 0.45354878247644304 0.39046859177489157 0.8011415485115405
vn 0.8393147626546316 0.1590651019102013 0.519854809099903
vn -0.000004761500467138101 0.9220811667770469 -0.3869965398455237
vn 0.8393147626546316 0.1590651019102013 0.519854809099903
vn 0.990766684811423 -0.09305567858417833 0.09860028879785372
vn -0.000004761500467138101 0.9220811667770469 -0.3869965398455237
vn 0.990766684811423 -0.09305567858417833 0.09860028879785372
vn 0.8874642554185536 -0.3017137844480116 -0.34839056765138016
vn -0.000004761500467138101 0.9220811667770469 -0.3869965398455237
vn 0.8874642554185536 -0.3017137844480116 -0.34839056765138016
vn 0.5549308362647746 -0.41853822032922566 -0.7189419483422304
vn -0.000004761500467138101 0.9220811667770469 -0.3869965398455237
vn 0.5549308362647746 -0.41853822032922566 -0.7189419483422304
vn 0.061210130551751854 -0.4057279407031484 -0.9119419707693138
vn -0.000004761500467138101 0.9220811667770469 -0.3869965398455237
vn 0.061210130551751854 -0.4057279407031484 -0.9119419707693138
vn -0.4535369631432138 -0.2574331752124553 -0.8532481370403715
vn -0.000004761500467138101 0.9220811667770469 -0.3869965398455237
vn -0.4535369631432138 -0.2574331752124553 -0.8532481370403715
vn -0.8250764738763531 -0.023664886658901756 -0.5645252743635
vn -0.000004761500467138101 0.9220811667770469 -0.3869965398455237
vn -0.8250764738763531 -0.023664886658901756 -0.5645252743635
vn -0.9637833976168633 0.22156861751986573 -0.14842139403883323
vn -0.000004761500467138101 0.9220811667770469 -0.3869965398455237
f 97/97/97 98/98/98 99/99/99
f 100/100/100 101/101/101 102/102/102
f 103/103/103 104/104/104 105/105/105
f 106/106/106 107/107/107 108/108/108
f 109/109/109 110/110/110 111/111/111
f 112/112/112 113/113/113 114/114/114
f 115/115/115 116/116/116 117/117/117
f 118/118/118 119/119/119 120/120/120
f 121/121/121 122/122/122 123/123/123
f 124/124/124 125/125/125 126/126/126
f 127/127/127 128/128/128 129/129/129
f 130/130/130 131/131/131 132/132/132
f 133/133/133 134/134/134 135/135/135
f 136/136/136 137/137/137 138/138/138
f 139/139/139 140/140/140 141/141/141
f 142/142/142 143/143/143 144/144/144
f 145/145/145 146/146/146 147/147/147
f 148/148/148 149/149/149 150/150/150
f 151/151/151 152/152/152 153/153/153
f 154/154/154 155/155/155 156/156/156
f 157/157/157 158/158/158 159/159/159
f 160/160/160 161/161/161 162/162/162
f 163/163/163 164/164/164 165/165/165
f 166/166/166 167/167/167 168/168/168
f 169/169/169 170/170/170 171/171/171
f 172/172/172 173/173/173 174/174/174
f 175/175/175 176/176/176 177/177/177
f 178/178/178 179/179/179 180/180/180
f 181/181/181 182/182/182 183/183/183
f 184/184/184 185/185/185 186/186/186
f 187/187/187 188/188/188 189/189/189
f 190/190/190 191/191/191 192/192/192
f 193/193/193 194/194/194 195/195/195
f 196/196/196 197/197/197 198/198/198
f 199/199/199 200/200/200 201/201/201
f 202/202/202 203/203/203 204/204/204
f 205/205/205 206/206/206 207/207/207
f 208/208/208 209/209/209 210/210/210
f 211/211/211 212/212/212 213/213/213
f 214/214/214 215/215/215 216/216/216
f 217/217/217 218/218/218 219/219/219
f 220/220/220 221/221/221 222/222/222
f 223/223/223 224/224/224 225/225/225
f 226/226/226 227/227/227 228/228/228
f 229/229/229 230/230/230 231/231/231
f 232/232/232 233/233/233 234/234/234
f 235/235/235 236/236/236 237/237/237
f 238/238/238 239/239/239 240/240/240
f 241/241/241 242/242/242 243/243/243
f 244/244/244 245/245/245 246/246/246
f 247/247/247 248/248/248 249/249/249
f 250/250/250 251/251/251 252/252/252
f 253/253/253 254/254/254 255/255/255
f 256/256/256 257/257/257 258/258/258
f 259/259/259 260/260/260 261/261/261
f 262/262/262 263/263/263 264/264/264
f 265/265/265 266/266/266 267/267/267
f 268/268/268 269/269/269 270/270/270
f 271/271/271 272/272/272 273/273/273
f 274/274/274 275/275/275 276/276/276
f 277/277/277 278/278/278 279/279/279
f 280/280/280 281/281/281 282/282/282
f 283/283/283 284/284/284 285/285/285
f 286/286/286 287/287/287 288/288/288
f 289/289/289 290/290/290 291/291/291
f 292/292/292 293/293/293 294/294/294
f 295/295/295 296/296/296 297/297/297
f 298/298/298 299/299/299 300/300/300
f 301/301/301 302/302/302 303/303/303
f 304/304/304 305/305/305 306/306/306
f 307/307/307 308/308/308 309/309/309
f 310/310/310 311/311/311 312/312/312
f 313/313/313 314/314/314 315/315/315
f 316/316/316 317/317/317 318/318/318
f 319/319/319 320/320/320 321/321/321
f 322/322/322 323/323/323 324/324/324
f 325/325/325 326/326/326 327/327/327
f 328/328/328 329/329/329 330/330/330
f 331/331/331 332/332/332 333/333/333
f 334/334/334 335/335/335 336/336/336
f 337/337/337 338/338/338 339/339/339
f 340/340/340 341/341/341 342/342/342
f 343/343/343 344/344/344 345/345/345
f 346/346/346 347/347/347 348/348/348
f 349/349/349 350/350/350 351/351/351
f 352/352/352 353/353/353 354/354/354
f 355/355/355 356/356/356 357/357/357
f 358/358/358 359/359/359 360/360/360
f 361/361/361 362/362/362 363/363/363
f 364/364/364 365/365/365 366/366/366
f 367/367/367 368/368/368 369/369/369
f 370/370/370 371/371/371 372/372/372
f 373/373/373 374/374/374 375/375/375
f 376/376/376 377/377/377 378/378/378
f 379/379/379 380/380/380 381/381/381
f 382/382/382 383/383/383 384/384/384
f 385/385/385 386/386/386 387/387/387
f 388/388/388 389/389/389 390/390/390
f 391/391/391 392/392/392 393/393/393
f 394/394/394 395/395/395 396/396/396
f 397/397/397 398/398/398 399/399/399
f 400/400/400 401/401/401 402/402/402
f 403/403/403 404/404/404 405/405/405
f 406/406/406 407/407/407 408/408/408
f 409/409/409 410/410/410 411/411/411
f 412/412/412 413/413/413 414/414/414
f 415/415/415 416/416/416 417/417/417
f 418/418/418 419/419/419 420/420/420
f 421/421/421 422/422/422 423/423/423
f 424/424/424 425/425/425 426/426/426
f 427/427/427 428/428/428 429/429/429
f 430/430/430 431/431/431 432/432/432
f 433/433/433 434/434/434 435/435/435
f 436/436/436 437/437/437 438/438/438
f 439/439/439 440/440/440 441/441/441
f 442/442/442 443/443/443 444/444/444
f 445/445/445 446/446/446 447/447/447
f 448/448/448 449/449/449 450/450/450
f 451/451/451 452/452/452 453/453/453
f 454/454/454 455/455/455 456/456/456
f 457/457/457 458/458/458 459/459/459
f 460/460/460 461/461/461 462/462/462
f 463/463/463 464/464/464 465/465/465
f 466/466/466 467/467/467 468/468/468
f 469/469/469 470/470/470 471/471/471
f 472/472/472 473/473/473 474/474/474
f 475/475/475 476/476/476 477/477/477
f 478/478/478 479/479/479 480/480/480
f 481/481/481 482/482/482 483/483/483
f 484/484/484 485/485/485 486/486/486
f 487/487/487 488/488/488 489/489/489
f 490/490/490 491/491/491 492/492/492
f 493/493/493 494/494/494 495/495/495
f 496/496/496 497/497/497 498/498/498
f 499/499/499 500/500/500 501/501/501
f 502/502/502 503/503/503 504/504/504
f 505/505/505 506/506/506 507/507/507
f 508/508/508 509/509/509 510/510/510
f 511/511/511 512/512/512 513/513/513
f 514/514/514 515/515/515 516/516/516
f 517/517/517 518/518/518 519/519/519
f 520/520/520 521/521/521 522/522/522
f 523/523/523 524/524/524 525/525/525
f 526/526/526 527/527/527 528/528/528
f 529/529/529 530/530/530 531/531/531
f 532/532/532 533/533/533 534/534/534
f 535/535/535 536/536/536 537/537/537
f 538/538/538 539/539/539 540/540/540
f 541/541/541 542/542/542 543/543/543
f 544/544/544 545/545/545 546/546/546
f 547/547/547 548/548/548 549/549/549
f 550/550/550 551/551/551 552/552/552
f 553/553/553 554/554/554 555/555/555
f 556/556/556 557/557/557 558/558/558
f 559/559/559 560/560/560 561/561/561
f 562/562/562 563/563/563 564/564/564
o Group_1_-_Duplicate
usemtl Material_1
v -0.41181516647338867 5.371206283569336 0.688332796096803
v 0.10364258289337158 6.748019218444823 2.5943651199340834
v 0.03769153356552124 6.8695335388183585 2.456274509429933
v -0.41181516647338867 5.371206283569336 0.688332796096803
v -0.36123934388160706 5.197641372680664 0.7625089883804332
v 0.10364258289337158 6.748019218444823 2.5943651199340834
v -0.36123934388160706 5.197641372680664 0.7625089883804332
v 0.251556396484375 6.652544021606444 2.6792070865631117
v 0.10364258289337158 6.748019218444823 2.5943651199340834
v -0.36123934388160706 5.197641372680664 0.7625089883804332
v -0.2230604887008667 5.070575714111328 0.8168118000030529
v 0.251556396484375 6.652544021606444 2.6792070865631117
v -0.2230604887008667 5.070575714111328 0.8168118000030529
v 0.4417267441749573 6.608744621276855 2.688036680221559
v 0.251556396484375 6.652544021606444 2.6792070865631117
v -0.2230604887008667 5.070575714111328 0.8168118000030529
v -0.034321337938308716 5.024079322814941 0.8366870880126964
v 0.4417267441749573 6.608744621276855 2.688036680221559
v -0.034321337938308716 5.024079322814941 0.8366870880126964
v 0.6233683824539185 6.628290176391601 2.6185076236724867
v 0.4417267441749573 6.608744621276855 2.688036680221559
v -0.034321337938308716 5.024079322814941 0.8366870880126964
v 0.15444999933242798 5.070584774017334 0.816810965538026
v 0.6233683824539185 6.628290176391601 2.6185076236724867
v 0.15444999933242798 5.070584774017334 0.816810965538026
v 0.7476472854614258 6.705980300903319 2.4892575740814222
v 0.6233683824539185 6.628290176391601 2.6185076236724867
v 0.15444999933242798 5.070584774017334 0.816810965538026
v 0.29261350631713867 5.197637557983398 0.762510657310487
v 0.7476472854614258 6.705980300903319 2.4892575740814222
v 0.29261350631713867 5.197637557983398 0.762510657310487
v 0.7813018560409546 6.820965766906737 2.3349430561065687
v 0.7476472854614258 6.705980300903319 2.4892575740814222
v 0.29261350631713867 5.197637557983398 0.762510657310487
v 0.3431921601295471 5.371206283569336 0.688332796096803
v 0.7813018560409546 6.820965766906737 2.3349430561065687
v 0.3431921601295471 5.371206283569336 0.688332796096803
v 0.715350866317749 6.942491531372069 2.1968486309051527
v 0.7813018560409546 6.820965766906737 2.3349430561065687
v 0.3431921601295471 5.371206283569336 0.688332796096803
v 0.29261648654937744 5.544778823852539 0.6141550540924084
v 0.715350866317749 6.942491531372069 2.1968486309051527
v 0.29261648654937744 5.544778823852539 0.6141550540924084
v 0.5674071311950684 7.037994384765624 2.1119751930236834
v 0.715350866317749 6.942491531372069 2.1968486309051527
v 0.29261648654937744 5.544778823852539 0.6141550540924084
v 0.15444737672805786 5.671822547912598 0.5598559379577649
v 0.5674071311950684 7.037994384765624 2.1119751930236834
v 0.15444737672805786 5.671822547912598 0.5598559379577649
v 0.37723034620285034 7.081798553466796 2.1031446456909197
v 0.5674071311950684 7.037994384765624 2.1119751930236834
v 0.15444737672805786 5.671822547912598 0.5598559379577649
v -0.034321337938308716 5.718339920043945 0.5399770736694348
v 0.37723034620285034 7.081798553466796 2.1031446456909197
v -0.034321337938308716 5.718339920043945 0.5399770736694348
v 0.19567632675170898 7.062246322631835 2.172659158706667
v 0.37723034620285034 7.081798553466796 2.1031446456909197
v -0.034321337938308716 5.718339920043945 0.5399770736694348
v -0.22305342555046082 5.671834945678711 0.5598555803298962
v 0.19567632675170898 7.062246322631835 2.172659158706667
v -0.22305342555046082 5.671834945678711 0.5598555803298962
v 0.07130622863769531 6.984522819519042 2.3019628524780287
v 0.19567632675170898 7.062246322631835 2.172659158706667
v -0.22305342555046082 5.671834945678711 0.5598555803298962
v -0.36124667525291443 5.544765472412109 0.6141570806503308
v 0.07130622863769531 6.984522819519042 2.3019628524780287
v -0.36124667525291443 5.544765472412109 0.6141570806503308
v 0.03769153356552124 6.8695335388183585 2.456274509429933
v 0.07130622863769531 6.984522819519042 2.3019628524780287
v -0.36124667525291443 5.544765472412109 0.6141570806503308
v -0.41181516647338867 5.371206283569336 0.688332796096803
v 0.03769153356552124 6.8695335388183585 2.456274509429933
v 0.03769153356552124 6.8695335388183585 2.456274509429933
v 0.4622952938079834 7.6150827407836905 4.445237159729006
v 0.39634448289871216 7.736598014831542 4.307145595550539
v 0.03769153356552124 6.8695335388183585 2.456274509429933
v 0.10364258289337158 6.748019218444823 2.5943651199340834
v 0.4622952938079834 7.6150827407836905 4.445237159729006
v 0.10364258289337158 6.748019218444823 2.5943651199340834
v 0.6102293729782104 7.5195884704589835 4.530099868774416
v 0.4622952938079834 7.6150827407836905 4.445237159729006
v 0.10364258289337158 6.748019218444823 2.5943651199340834
v 0.251556396484375 6.652544021606444 2.6792070865631117
v 0.6102293729782104 7.5195884704589835 4.530099868774416
v 0.251556396484375 6.652544021606444 2.6792070865631117
v 0.8003196716308594 7.475823402404784 4.538907051086428
v 0.6102293729782104 7.5195884704589835 4.530099868774416
v 0.251556396484375 6.652544021606444 2.6792070865631117
v 0.4417267441749573 6.608744621276855 2.688036680221559
v 0.8003196716308594 7.475823402404784 4.538907051086428
v 0.4417267441749573 6.608744621276855 2.688036680221559
v 0.9820453524589539 7.495360374450683 4.469365119934084
v 0.8003196716308594 7.475823402404784 4.538907051086428
v 0.4417267441749573 6.608744621276855 2.688036680221559
v 0.6233683824539185 6.628290176391601 2.6185076236724867
v 0.9820453524589539 7.495360374450683 4.469365119934084
v 0.6233683824539185 6.628290176391601 2.6185076236724867
v 1.1063029766082764 7.573043346405028 4.340127468109133
v 0.9820453524589539 7.495360374450683 4.469365119934084
v 0.6233683824539185 6.628290176391601 2.6185076236724867
v 0.7476472854614258 6.705980300903319 2.4892575740814222
v 1.1063029766082764 7.573043346405028 4.340127468109133
v 0.7476472854614258 6.705980300903319 2.4892575740814222
v 1.1399638652801514 7.688038825988769 4.185803890228273
v 1.1063029766082764 7.573043346405028 4.340127468109133
v 0.7476472854614258 6.705980300903319 2.4892575740814222
v 0.7813018560409546 6.820965766906737 2.3349430561065687
v 1.1399638652801514 7.688038825988769 4.185803890228273
v 0.7813018560409546 6.820965766906737 2.3349430561065687
v 1.074019432067871 7.809516429901122 4.047767639160158
v 1.1399638652801514 7.688038825988769 4.185803890228273
v 0.7813018560409546 6.820965766906737 2.3349430561065687
v 0.715350866317749 6.942491531372069 2.1968486309051527
v 1.074019432067871 7.809516429901122 4.047767639160158
v 0.715350866317749 6.942491531372069 2.1968486309051527
v 0.9260463118553162 7.905049800872802 3.962863445281984
v 1.074019432067871 7.809516429901122 4.047767639160158
v 0.715350866317749 6.942491531372069 2.1968486309051527
v 0.5674071311950684 7.037994384765624 2.1119751930236834
v 0.9260463118553162 7.905049800872802 3.962863445281984
v 0.5674071311950684 7.037994384765624 2.1119751930236834
v 0.7358496189117432 7.948861598968505 3.954027175903322
v 0.9260463118553162 7.905049800872802 3.962863445281984
v 0.5674071311950684 7.037994384765624 2.1119751930236834
v 0.37723034620285034 7.081798553466796 2.1031446456909197
v 0.7358496189117432 7.948861598968505 3.954027175903322
v 0.37723034620285034 7.081798553466796 2.1031446456909197
v 0.5543514490127563 7.929307460784911 4.023534297943117
v 0.7358496189117432 7.948861598968505 3.954027175903322
v 0.37723034620285034 7.081798553466796 2.1031446456909197
v 0.19567632675170898 7.062246322631835 2.172659158706667
v 0.5543514490127563 7.929307460784911 4.023534297943117
v 0.19567632675170898 7.062246322631835 2.172659158706667
v 0.4299105405807495 7.851560115814208 4.152884483337404
v 0.5543514490127563 7.929307460784911 4.023534297943117
v 0.19567632675170898 7.062246322631835 2.172659158706667
v 0.07130622863769531 6.984522819519042 2.3019628524780287
v 0.4299105405807495 7.851560115814208 4.152884483337404
v 0.07130622863769531 6.984522819519042 2.3019628524780287
v 0.39634448289871216 7.736598014831542 4.307145595550539
v 0.4299105405807495 7.851560115814208 4.152884483337404
v 0.07130622863769531 6.984522819519042 2.3019628524780287
v 0.03769153356552124 6.8695335388183585 2.456274509429933
v 0.39634448289871216 7.736598014831542 4.307145595550539
v 0.39634448289871216 7.736598014831542 4.307145595550539
v 0.4622952938079834 7.6150827407836905 4.445237159729006
v 2.2792344093322754 10.23919105529785 6.123482227325442
v 0.4622952938079834 7.6150827407836905 4.445237159729006
v 0.6102293729782104 7.5195884704589835 4.530099868774416
v 2.2792344093322754 10.23919105529785 6.123482227325442
v 0.6102293729782104 7.5195884704589835 4.530099868774416
v 0.8003196716308594 7.475823402404784 4.538907051086428
v 2.2792344093322754 10.23919105529785 6.123482227325442
v 0.8003196716308594 7.475823402404784 4.538907051086428
v 0.9820453524589539 7.495360374450683 4.469365119934084
v 2.2792344093322754 10.23919105529785 6.123482227325442
v 0.9820453524589539 7.495360374450683 4.469365119934084
v 1.1063029766082764 7.573043346405028 4.340127468109133
v 2.2792344093322754 10.23919105529785 6.123482227325442
v 1.1063029766082764 7.573043346405028 4.340127468109133
v 1.1399638652801514 7.688038825988769 4.185803890228273
v 2.2792344093322754 10.23919105529785 6.123482227325442
v 1.1399638652801514 7.688038825988769 4.185803890228273
v 1.074019432067871 7.809516429901122 4.047767639160158
v 2.2792344093322754 10.23919105529785 6.123482227325442
v 1.074019432067871 7.809516429901122 4.047767639160158
v 0.9260463118553162 7.905049800872802 3.962863445281984
v 2.2792344093322754 10.23919105529785 6.123482227325442
v 0.9260463118553162 7.905049800872802 3.962863445281984
v 0.7358496189117432 7.948861598968505 3.954027175903322
v 2.2792344093322754 10.23919105529785 6.123482227325442
v 0.7358496189117432 7.948861598968505 3.954027175903322
v 0.5543514490127563 7.929307460784911 4.023534297943117
v 2.2792344093322754 10.23919105529785 6.123482227325442
v 0.5543514490127563 7.929307460784911 4.023534297943117
v 0.4299105405807495 7.851560115814208 4.152884483337404
v 2.2792344093322754 10.23919105529785 6.123482227325442
v 0.4299105405807495 7.851560115814208 4.152884483337404
v 0.39634448289871216 7.736598014831542 4.307145595550539
v 2.2792344093322754 10.23919105529785 6.123482227325442
vt 1.0926514863967896 3.0953071117401123
vt 0.9216006398200989 2.7050650119781494
vt 0.9238175749778748 2.670623302459717
vt 1.0926514863967896 3.0953071117401123
vt 1.079551100730896 3.1445019245147705
vt 0.9216006398200989 2.7050650119781494
vt 1.079551100730896 3.1445019245147705
vt 0.9283448457717896 2.732126474380493
vt 0.9216006398200989 2.7050650119781494
vt 1.079551100730896 3.1445019245147705
vt 1.0787371397018433 3.1805176734924316
vt 0.9283448457717896 2.732126474380493
vt 1.0787371397018433 3.1805176734924316
vt 0.9411689639091492 2.7445409297943115
vt 0.9283448457717896 2.732126474380493
vt 1.0787371397018433 3.1805176734924316
vt 1.0869462490081787 3.1936962604522705
vt 0.9411689639091492 2.7445409297943115
vt 1.0869462490081787 3.1936962604522705
vt 0.9567099213600159 2.7390007972717285
vt 0.9411689639091492 2.7445409297943115
vt 1.0869462490081787 3.1936962604522705
vt 1.0992567539215088 3.1805150508880615
vt 0.9567099213600159 2.7390007972717285
vt 1.0992567539215088 3.1805150508880615
vt 0.9717215895652771 2.716980457305908
vt 0.9567099213600159 2.7390007972717285
vt 1.0992567539215088 3.1805150508880615
vt 1.1123254299163818 3.144503355026245
vt 0.9717215895652771 2.716980457305908
vt 1.1123254299163818 3.144503355026245
vt 0.9832348227500916 2.684389352798462
vt 0.9717215895652771 2.716980457305908
vt 1.1123254299163818 3.144503355026245
vt 1.1243029832839966 3.0953071117401123
vt 0.9832348227500916 2.684389352798462
vt 1.1243029832839966 3.0953071117401123
vt 0.9885357618331909 2.6499440670013428
vt 0.9832348227500916 2.684389352798462
vt 1.1243029832839966 3.0953071117401123
vt 1.1339349746704102 3.046109914779663
vt 0.9885357618331909 2.6499440670013428
vt 1.1339349746704102 3.046109914779663
vt 0.9854069352149963 2.6228749752044678
vt 0.9885357618331909 2.6499440670013428
vt 1.1339349746704102 3.046109914779663
vt 1.1397911310195923 3.010100841522217
vt 0.9854069352149963 2.6228749752044678
vt 1.1397911310195923 3.010100841522217
vt 0.9731868505477905 2.610459089279175
vt 0.9854069352149963 2.6228749752044678
vt 1.1397911310195923 3.010100841522217
vt 1.1397374868392944 2.9969160556793213
vt 0.9731868505477905 2.610459089279175
vt 1.1397374868392944 2.9969160556793213
vt 0.9545406103134155 2.6160008907318115
vt 0.9731868505477905 2.610459089279175
vt 1.1397374868392944 2.9969160556793213
vt 1.1311429738998413 3.0100972652435303
vt 0.9545406103134155 2.6160008907318115
vt 1.1311429738998413 3.0100972652435303
vt 0.935828685760498 2.638030767440796
vt 0.9545406103134155 2.6160008907318115
vt 1.1311429738998413 3.0100972652435303
vt 1.113412857055664 3.0461137294769287
vt 0.935828685760498 2.638030767440796
vt 1.113412857055664 3.0461137294769287
vt 0.9238175749778748 2.670623302459717
vt 0.935828685760498 2.638030767440796
vt 1.113412857055664 3.0461137294769287
vt 1.0926514863967896 3.0953071117401123
vt 0.9238175749778748 2.670623302459717
vt 0.9238175749778748 2.670623302459717
vt 0.8802094459533691 2.459305763244629
vt 0.8800265789031982 2.424863576889038
vt 0.9238175749778748 2.670623302459717
vt 0.9216006398200989 2.7050650119781494
vt 0.8802094459533691 2.459305763244629
vt 0.9216006398200989 2.7050650119781494
vt 0.8856475353240967 2.486372232437134
vt 0.8802094459533691 2.459305763244629
vt 0.9216006398200989 2.7050650119781494
vt 0.9283448457717896 2.732126474380493
vt 0.8856475353240967 2.486372232437134
vt 0.9283448457717896 2.732126474380493
vt 0.8946024775505066 2.498777151107788
vt 0.8856475353240967 2.486372232437134
vt 0.9283448457717896 2.732126474380493
vt 0.9411689639091492 2.7445409297943115
vt 0.8946024775505066 2.498777151107788
vt 0.9411689639091492 2.7445409297943115
vt 0.9048681855201721 2.493239641189575
vt 0.8946024775505066 2.498777151107788
vt 0.9411689639091492 2.7445409297943115
vt 0.9567099213600159 2.7390007972717285
vt 0.9048681855201721 2.493239641189575
vt 0.9567099213600159 2.7390007972717285
vt 0.9141091108322144 2.4712212085723877
vt 0.9048681855201721 2.493239641189575
vt 0.9567099213600159 2.7390007972717285
vt 0.9717215895652771 2.716980457305908
vt 0.9141091108322144 2.4712212085723877
vt 0.9717215895652771 2.716980457305908
vt 0.9201866984367371 2.438627004623413
vt 0.9141091108322144 2.4712212085723877
vt 0.9717215895652771 2.716980457305908
vt 0.9832348227500916 2.684389352798462
vt 0.9201866984367371 2.438627004623413
vt 0.9832348227500916 2.684389352798462
vt 0.9213952422142029 2.404195785522461
vt 0.9201866984367371 2.438627004623413
vt 0.9832348227500916 2.684389352798462
vt 0.9885357618331909 2.6499440670013428
vt 0.9213952422142029 2.404195785522461
vt 0.9885357618331909 2.6499440670013428
vt 0.916935384273529 2.377117872238159
vt 0.9213952422142029 2.404195785522461
vt 0.9885357618331909 2.6499440670013428
vt 0.9854069352149963 2.6228749752044678
vt 0.916935384273529 2.377117872238159
vt 0.9854069352149963 2.6228749752044678
vt 0.9075601100921631 2.3646998405456543
vt 0.916935384273529 2.377117872238159
vt 0.9854069352149963 2.6228749752044678
vt 0.9731868505477905 2.610459089279175
vt 0.9075601100921631 2.3646998405456543
vt 0.9731868505477905 2.610459089279175
vt 0.8959004282951355 2.3702423572540283
vt 0.9075601100921631 2.3646998405456543
vt 0.9731868505477905 2.610459089279175
vt 0.9545406103134155 2.6160008907318115
vt 0.8959004282951355 2.3702423572540283
vt 0.9545406103134155 2.6160008907318115
vt 0.8856698870658875 2.3922789096832275
vt 0.8959004282951355 2.3702423572540283
vt 0.9545406103134155 2.6160008907318115
vt 0.935828685760498 2.638030767440796
vt 0.8856698870658875 2.3922789096832275
vt 0.935828685760498 2.638030767440796
vt 0.8800265789031982 2.424863576889038
vt 0.8856698870658875 2.3922789096832275
vt 0.935828685760498 2.638030767440796
vt 0.9238175749778748 2.670623302459717
vt 0.8800265789031982 2.424863576889038
vt 0.8800265789031982 2.424863576889038
vt 0.8802094459533691 2.459305763244629
vt 0.9157588481903076 1.7155319452285767
vt 0.8802094459533691 2.459305763244629
vt 0.8856475353240967 2.486372232437134
vt 0.9157588481903076 1.7155319452285767
vt 0.8856475353240967 2.486372232437134
vt 0.8946024775505066 2.498777151107788
vt 0.9157588481903076 1.7155319452285767
vt 0.8946024775505066 2.498777151107788
vt 0.9048681855201721 2.493239641189575
vt 0.9157588481903076 1.7155319452285767
vt 0.9048681855201721 2.493239641189575
vt 0.9141091108322144 2.4712212085723877
vt 0.9157588481903076 1.7155319452285767
vt 0.9141091108322144 2.4712212085723877
vt 0.9201866984367371 2.438627004623413
vt 0.9157588481903076 1.7155319452285767
vt 0.9201866984367371 2.438627004623413
vt 0.9213952422142029 2.404195785522461
vt 0.9157588481903076 1.7155319452285767
vt 0.9213952422142029 2.404195785522461
vt 0.916935384273529 2.377117872238159
vt 0.9157588481903076 1.7155319452285767
vt 0.916935384273529 2.377117872238159
vt 0.9075601100921631 2.3646998405456543
vt 0.9157588481903076 1.7155319452285767
vt 0.9075601100921631 2.3646998405456543
vt 0.8959004282951355 2.3702423572540283
vt 0.9157588481903076 1.7155319452285767
vt 0.8959004282951355 2.3702423572540283
vt 0.8856698870658875 2.3922789096832275
vt 0.9157588481903076 1.7155319452285767
vt 0.8856698870658875 2.3922789096832275
vt 0.8800265789031982 2.424863576889038
vt 0.9157588481903076 1.7155319452285767
vn -0.9707178309534726 0.0076695488401900365 0.24010012638391845
vn -0.8284032068633437 -0.3730270469816742 0.4178503907843813
vn -0.9847144129478007 0.07054206047603326 0.15925244938984087
vn -0.9707178309534726 0.0076695488401900365 0.24010012638391845
vn -0.7692073402858484 -0.3775659120264291 0.515523083601522
vn -0.8284032068633437 -0.3730270469816742 0.4178503907843813
vn -0.7692073402858484 -0.3775659120264291 0.515523083601522
vn -0.4569483920016156 -0.6955970410930038 0.5543851760913129
vn -0.8284032068633437 -0.3730270469816742 0.4178503907843813
vn -0.7692073402858484 -0.3775659120264291 0.515523083601522
vn -0.38013032517526646 -0.6539399186664302 0.6541127721247222
vn -0.4569483920016156 -0.6955970410930038 0.5543851760913129
vn -0.38013032517526646 -0.6539399186664302 0.6541127721247222
vn 0.014677929811586637 -0.835082663608251 0.5499286347494509
vn -0.4569483920016156 -0.6955970410930038 0.5543851760913129
vn -0.38013032517526646 -0.6539399186664302 0.6541127721247222
vn 0.10407987229494867 -0.767711698457074 0.6322864289506945
vn 0.014677929811586637 -0.835082663608251 0.5499286347494509
vn 0.10407987229494867 -0.767711698457074 0.6322864289506945
vn 0.48705522359308856 -0.7713389576158388 0.40965036511005026
vn 0.014677929811586637 -0.835082663608251 0.5499286347494509
vn 0.10407987229494867 -0.767711698457074 0.6322864289506945
vn 0.5783166062204933 -0.6851317613463304 0.44288189459954863
vn 0.48705522359308856 -0.7713389576158388 0.40965036511005026
vn 0.5783166062204933 -0.6851317613463304 0.44288189459954863
vn 0.8522637867102522 -0.5003943316828323 0.15248590322384972
vn 0.48705522359308856 -0.7713389576158388 0.40965036511005026
vn 0.5783166062204933 -0.6851317613463304 0.44288189459954863
vn 0.9053715178507143 -0.4079967934431222 0.11764791202917313
vn 0.8522637867102522 -0.5003943316828323 0.15248590322384972
vn 0.9053715178507143 -0.4079967934431222 0.11764791202917313
vn 0.9844362197038752 -0.07340195817783833 -0.15967930946369507
vn 0.8522637867102522 -0.5003943316828323 0.15248590322384972
vn 0.9053715178507143 -0.4079967934431222 0.11764791202917313
vn 0.9695095815164078 -0.015715111618093944 -0.24454898612488804
vn 0.9844362197038752 -0.07340195817783833 -0.15967930946369507
vn 0.9695095815164078 -0.015715111618093944 -0.24454898612488804
vn 0.8265785239498327 0.3728956130822688 -0.4215647109150799
vn 0.9844362197038752 -0.07340195817783833 -0.15967930946369507
vn 0.9695095815164078 -0.015715111618093944 -0.24454898612488804
vn 0.7667479863536745 0.366047072511735 -0.5273585745279712
vn 0.8265785239498327 0.3728956130822688 -0.4215647109150799
vn 0.7667479863536745 0.366047072511735 -0.5273585745279712
vn 0.45149724164771643 0.6984849338452946 -0.5552198105035863
vn 0.8265785239498327 0.3728956130822688 -0.4215647109150799
vn 0.7667479863536745 0.366047072511735 -0.5273585745279712
vn 0.3773085772772642 0.644224584065317 -0.6652916073413793
vn 0.45149724164771643 0.6984849338452946 -0.5552198105035863
vn 0.3773085772772642 0.644224584065317 -0.6652916073413793
vn -0.02122108831207083 0.838192034351368 -0.5449621812206482
vn 0.45149724164771643 0.6984849338452946 -0.5552198105035863
vn 0.3773085772772642 0.644224584065317 -0.6652916073413793
vn -0.10739661688784968 0.7642120739014071 -0.6359605905906078
vn -0.02122108831207083 0.838192034351368 -0.5449621812206482
vn -0.10739661688784968 0.7642120739014071 -0.6359605905906078
vn -0.49159353062723504 0.7725639796492302 -0.40184661003173044
vn -0.02122108831207083 0.838192034351368 -0.5449621812206482
vn -0.10739661688784968 0.7642120739014071 -0.6359605905906078
vn -0.5820913750449608 0.6849257757258519 -0.4382308898795326
vn -0.49159353062723504 0.7725639796492302 -0.40184661003173044
vn -0.5820913750449608 0.6849257757258519 -0.4382308898795326
vn -0.8540925560483702 0.4988007548641549 -0.1473896626283909
vn -0.49159353062723504 0.7725639796492302 -0.40184661003173044
vn -0.5820913750449608 0.6849257757258519 -0.4382308898795326
vn -0.907317684298098 0.4049613744649985 -0.11305266450356803
vn -0.8540925560483702 0.4988007548641549 -0.1473896626283909
vn -0.907317684298098 0.4049613744649985 -0.11305266450356803
vn -0.9847144129478007 0.07054206047603326 0.15925244938984087
vn -0.8540925560483702 0.4988007548641549 -0.1473896626283909
vn -0.907317684298098 0.4049613744649985 -0.11305266450356803
vn -0.9707178309534726 0.0076695488401900365 0.24010012638391845
vn -0.9847144129478007 0.07054206047603326 0.15925244938984087
vn -0.9847144129478007 0.07054206047603326 0.15925244938984087
vn -0.8700502958404095 -0.359692269220317 0.3370963573982299
vn -0.9810471818948638 0.15358231473564238 0.1181477866766373
vn -0.9847144129478007 0.07054206047603326 0.15925244938984087
vn -0.8284032068633437 -0.3730270469816742 0.4178503907843813
vn -0.8700502958404095 -0.359692269220317 0.3370963573982299
vn -0.8284032068633437 -0.3730270469816742 0.4178503907843813
vn -0.5166750458607313 -0.7325051296934563 0.44326417851839117
vn -0.8700502958404095 -0.359692269220317 0.3370963573982299
vn -0.8284032068633437 -0.3730270469816742 0.4178503907843813
vn -0.4569483920016156 -0.6955970410930038 0.5543851760913129
vn -0.5166750458607313 -0.7325051296934563 0.44326417851839117
vn -0.4569483920016156 -0.6955970410930038 0.5543851760913129
vn -0.06863793145815784 -0.8982475826593618 0.4340968954182441
vn -0.5166750458607313 -0.7325051296934563 0.44326417851839117
vn -0.4569483920016156 -0.6955970410930038 0.5543851760913129
vn 0.014677929811586637 -0.835082663608251 0.5499286347494509
vn -0.06863793145815784 -0.8982475826593618 0.4340968954182441
vn 0.014677929811586637 -0.835082663608251 0.5499286347494509
vn 0.38709098481789656 -0.8615077818817063 0.3285801443026848
vn -0.06863793145815784 -0.8982475826593618 0.4340968954182441
vn 0.014677929811586637 -0.835082663608251 0.5499286347494509
vn 0.48705522359308856 -0.7713389576158388 0.40965036511005026
vn 0.38709098481789656 -0.8615077818817063 0.3285801443026848
vn 0.48705522359308856 -0.7713389576158388 0.40965036511005026
vn 0.7809709797800551 -0.609935930816491 0.13439675978386262
vn 0.38709098481789656 -0.8615077818817063 0.3285801443026848
vn 0.48705522359308856 -0.7713389576158388 0.40965036511005026
vn 0.8522637867102522 -0.5003943316828323 0.15248590322384972
vn 0.7809709797800551 -0.609935930816491 0.13439675978386262
vn 0.8522637867102522 -0.5003943316828323 0.15248590322384972
vn 0.9810207479463012 -0.15383830276793034 -0.11803418445671696
vn 0.7809709797800551 -0.609935930816491 0.13439675978386262
vn 0.8522637867102522 -0.5003943316828323 0.15248590322384972
vn 0.9844362197038752 -0.07340195817783833 -0.15967930946369507
vn 0.9810207479463012 -0.15383830276793034 -0.11803418445671696
vn 0.9844362197038752 -0.07340195817783833 -0.15967930946369507
vn 0.8700261027109225 0.35973935951689556 -0.3371085490105775
vn 0.9810207479463012 -0.15383830276793034 -0.11803418445671696
vn 0.9844362197038752 -0.07340195817783833 -0.15967930946369507
vn 0.8265785239498327 0.3728956130822688 -0.4215647109150799
vn 0.8700261027109225 0.35973935951689556 -0.3371085490105775
vn 0.8265785239498327 0.3728956130822688 -0.4215647109150799
vn 0.5167323089674946 0.732472084685787 -0.4432520344286975
vn 0.8700261027109225 0.35973935951689556 -0.3371085490105775
vn 0.8265785239498327 0.3728956130822688 -0.4215647109150799
vn 0.45149724164771643 0.6984849338452946 -0.5552198105035863
vn 0.5167323089674946 0.732472084685787 -0.4432520344286975
vn 0.45149724164771643 0.6984849338452946 -0.5552198105035863
vn 0.06875450753543211 0.898233929810658 -0.43410669774890875
vn 0.5167323089674946 0.732472084685787 -0.4432520344286975
vn 0.45149724164771643 0.6984849338452946 -0.5552198105035863
vn -0.02122108831207083 0.838192034351368 -0.5449621812206482
vn 0.06875450753543211 0.898233929810658 -0.43410669774890875
vn -0.02122108831207083 0.838192034351368 -0.5449621812206482
vn -0.38732799597077944 0.861435168479402 -0.32849120847311
vn 0.06875450753543211 0.898233929810658 -0.43410669774890875
vn -0.02122108831207083 0.838192034351368 -0.5449621812206482
vn -0.49159353062723504 0.7725639796492302 -0.40184661003173044
vn -0.38732799597077944 0.861435168479402 -0.32849120847311
vn -0.49159353062723504 0.7725639796492302 -0.40184661003173044
vn -0.7808747681137183 0.610042496286463 -0.13447211327233394
vn -0.38732799597077944 0.861435168479402 -0.32849120847311
vn -0.49159353062723504 0.7725639796492302 -0.40184661003173044
vn -0.8540925560483702 0.4988007548641549 -0.1473896626283909
vn -0.7808747681137183 0.610042496286463 -0.13447211327233394
vn -0.8540925560483702 0.4988007548641549 -0.1473896626283909
vn -0.9810471818948638 0.15358231473564238 0.1181477866766373
vn -0.7808747681137183 0.610042496286463 -0.13447211327233394
vn -0.8540925560483702 0.4988007548641549 -0.1473896626283909
vn -0.9847144129478007 0.07054206047603326 0.15925244938984087
vn -0.9810471818948638 0.15358231473564238 0.1181477866766373
vn -0.849805008316706 0.35981489144716977 0.3851813751113942
vn -0.7043514142910061 0.03423851675552167 0.7090252528342283
vn 0.15051814815093276 0.7767124125116136 0.6116061766591332
vn -0.7043514142910061 0.03423851675552167 0.7090252528342283
vn -0.3655903859975656 -0.29320552339969486 0.8833879050077955
vn 0.15051814815093276 0.7767124125116136 0.6116061766591332
vn -0.3655903859975656 -0.29320552339969486 0.8833879050077955
vn 0.1020652407392833 -0.5353896303158572 0.8384155475556746
vn 0.15051814815093276 0.7767124125116136 0.6116061766591332
vn 0.1020652407392833 -0.5353896303158572 0.8384155475556746
vn 0.5598214325496864 -0.605604237503441 0.5655470547849158
vn 0.15051814815093276 0.7767124125116136 0.6116061766591332
vn 0.5598214325496864 -0.605604237503441 0.5655470547849158
vn 0.8627549875401289 -0.4819108139945232 0.15302221678491035
vn 0.15051814815093276 0.7767124125116136 0.6116061766591332
vn 0.8627549875401289 -0.4819108139945232 0.15302221678491035
vn 0.9383034588446846 -0.21081250792573059 -0.27412534655183796
vn 0.15051814815093276 0.7767124125116136 0.6116061766591332
vn 0.9383034588446846 -0.21081250792573059 -0.27412534655183796
vn 0.7781725918611777 0.13752821165266654 -0.6128078069637137
vn 0.15051814815093276 0.7767124125116136 0.6116061766591332
vn 0.7781725918611777 0.13752821165266654 -0.6128078069637137
vn 0.41214084484669433 0.47867971495436623 -0.775245544650377
vn 0.15051814815093276 0.7767124125116136 0.6116061766591332
vn 0.41214084484669433 0.47867971495436623 -0.775245544650377
vn -0.06809409658813848 0.7098966785876127 -0.7010063478600752
vn 0.15051814815093276 0.7767124125116136 0.6116061766591332
vn -0.06809409658813848 0.7098966785876127 -0.7010063478600752
vn -0.5087169963620847 0.7553824721159197 -0.4130427803900954
vn 0.15051814815093276 0.7767124125116136 0.6116061766591332
vn -0.5087169963620847 0.7553824721159197 -0.4130427803900954
vn -0.7842638498563888 0.6202339534720155 -0.015493765485178945
vn 0.15051814815093276 0.7767124125116136 0.6116061766591332
vn -0.7842638498563888 0.6202339534720155 -0.015493765485178945
vn -0.849805008316706 0.35981489144716977 0.3851813751113942
vn 0.15051814815093276 0.7767124125116136 0.6116061766591332
f 565/565/565 566/566/566 567/567/567
f 568/568/568 569/569/569 570/570/570
f 571/571/571 572/572/572 573/573/573
f 574/574/574 575/575/575 576/576/576
f 577/577/577 578/578/578 579/579/579
f 580/580/580 581/581/581 582/582/582
f 583/583/583 584/584/584 585/585/585
f 586/586/586 587/587/587 588/588/588
f 589/589/589 590/590/590 591/591/591
f 592/592/592 593/593/593 594/594/594
f 595/595/595 596/596/596 597/597/597
f 598/598/598 599/599/599 600/600/600
f 601/601/601 602/602/602 603/603/603
f 604/604/604 605/605/605 606/606/606
f 607/607/607 608/608/608 609/609/609
f 610/610/610 611/611/611 612/612/612
f 613/613/613 614/614/614 615/615/615
f 616/616/616 617/617/617 618/618/618
f 619/619/619 620/620/620 621/621/621
f 622/622/622 623/623/623 624/624/624
f 625/625/625 626/626/626 627/627/627
f 628/628/628 629/629/629 630/630/630
f 631/631/631 632/632/632 633/633/633
f 634/634/634 635/635/635 636/636/636
f 637/637/637 638/638/638 639/639/639
f 640/640/640 641/641/641 642/642/642
f 643/643/643 644/644/644 645/645/645
f 646/646/646 647/647/647 648/648/648
f 649/649/649 650/650/650 651/651/651
f 652/652/652 653/653/653 654/654/654
f 655/655/655 656/656/656 657/657/657
f 658/658/658 659/659/659 660/660/660
f 661/661/661 662/662/662 663/663/663
f 664/664/664 665/665/665 666/666/666
f 667/667/667 668/668/668 669/669/669
f 670/670/670 671/671/671 672/672/672
f 673/673/673 674/674/674 675/675/675
f 676/676/676 677/677/677 678/678/678
f 679/679/679 680/680/680 681/681/681
f 682/682/682 683/683/683 684/684/684
f 685/685/685 686/686/686 687/687/687
f 688/688/688 689/689/689 690/690/690
f 691/691/691 692/692/692 693/693/693
f 694/694/694 695/695/695 696/696/696
f 697/697/697 698/698/698 699/699/699
f 700/700/700 701/701/701 702/702/702
f 703/703/703 704/704/704 705/705/705
f 706/706/706 707/707/707 708/708/708
f 709/709/709 710/710/710 711/711/711
f 712/712/712 713/713/713 714/714/714
f 715/715/715 716/716/716 717/717/717
f 718/718/718 719/719/719 720/720/720
f 721/721/721 722/722/722 723/723/723
f 724/724/724 725/725/725 726/726/726
f 727/727/727 728/728/728 729/729/729
f 730/730/730 731/731/731 732/732/732
f 733/733/733 734/734/734 735/735/735
f 736/736/736 737/737/737 738/738/738
f 739/739/739 740/740/740 741/741/741
f 742/742/742 743/743/743 744/744/744
o Group_1_-_Duplicate_-_Duplicate
usemtl Material_1
v 0.30659425258636475 8.517668724060059 0.2549907565116901
v -1.6966886520385742 9.120779991149902 -1.1961305141448955
v -1.5862758159637451 9.294377326965332 -1.1762573719024638
v 0.30659425258636475 8.517668724060059 0.2549907565116901
v 0.2633686065673828 8.318072319030762 0.28684753179550354
v -1.6966886520385742 9.120779991149902 -1.1961305141448955
v 0.2633686065673828 8.318072319030762 0.28684753179550354
v -1.8443970680236816 8.993681907653809 -1.1271557807922343
v -1.6966886520385742 9.120779991149902 -1.1961305141448955
v 0.2633686065673828 8.318072319030762 0.28684753179550354
v 0.1514032781124115 8.171952247619629 0.3808533549308795
v -1.8443970680236816 8.993681907653809 -1.1271557807922343
v 0.1514032781124115 8.171952247619629 0.3808533549308795
v -1.9897613525390625 8.9472017288208 -0.9878586530685405
v -1.8443970680236816 8.993681907653809 -1.1271557807922343
v 0.1514032781124115 8.171952247619629 0.3808533549308795
v 0.0007109344005584717 8.118480682373047 0.5118029713630694
v -1.9897613525390625 8.9472017288208 -0.9878586530685405
v 0.0007109344005584717 8.118480682373047 0.5118029713630694
v -2.0939579010009766 8.9937162399292 -0.8154383897781352
v -1.9897613525390625 8.9472017288208 -0.9878586530685405
v 0.0007109344005584717 8.118480682373047 0.5118029713630694
v -0.14836016297340393 8.171961784362793 0.6446470022201556
v -2.0939579010009766 8.9937162399292 -0.8154383897781352
v -0.14836016297340393 8.171961784362793 0.6446470022201556
v -2.1289567947387695 9.12079906463623 -0.6562272310256938
v -2.0939579010009766 8.9937162399292 -0.8154383897781352
v -0.14836016297340393 8.171961784362793 0.6446470022201556
v -0.25582316517829895 8.318068504333496 0.7437442541122455
v -2.1289567947387695 9.12079906463623 -0.6562272310256938
v -0.25582316517829895 8.318068504333496 0.7437442541122455
v -2.085414409637451 9.294358253479004 -0.5528653860092142
v -2.1289567947387695 9.12079906463623 -0.6562272310256938
v -0.25582316517829895 8.318068504333496 0.7437442541122455
v -0.2929185926914215 8.517668724060059 0.7825719118118305
v -2.085414409637451 9.294358253479004 -0.5528653860092142
v -0.2929185926914215 8.517668724060059 0.7825719118118305
v -1.9750041961669922 9.467965126037598 -0.532993197441099
v -2.085414409637451 9.294358253479004 -0.5528653860092142
v -0.2929185926914215 8.517668724060059 0.7825719118118305
v -0.24969270825386047 8.717270851135254 0.750715136528017
v -1.9750041961669922 9.467965126037598 -0.532993197441099
v -0.24969270825386047 8.717270851135254 0.750715136528017
v -1.8272571563720703 9.595101356506348 -0.6019746065139749
v -1.9750041961669922 9.467965126037598 -0.532993197441099
v -0.24969270825386047 8.717270851135254 0.750715136528017
v -0.13773182034492493 8.863369941711426 0.6567201614379903
v -1.8272571563720703 9.595101356506348 -0.6019746065139749
v -0.13773182034492493 8.863369941711426 0.6567201614379903
v -1.6818904876708984 9.641589164733887 -0.7412763833999613
v -1.8272571563720703 9.595101356506348 -0.6019746065139749
v -0.13773182034492493 8.863369941711426 0.6567201614379903
v 0.012980788946151733 8.916863441467285 0.5257459878921529
v -1.6818904876708984 9.641589164733887 -0.7412763833999613
v 0.012980788946151733 8.916863441467285 0.5257459878921529
v -1.5777509212493896 9.595074653625488 -0.9136227369308451
v -1.6818904876708984 9.641589164733887 -0.7412763833999613
v 0.012980788946151733 8.916863441467285 0.5257459878921529
v 0.16201981902122498 8.863381385803223 0.39292854070663646
v -1.5777509212493896 9.595074653625488 -0.9136227369308451
v 0.16201981902122498 8.863381385803223 0.39292854070663646
v -1.5427062511444092 9.467936515808105 -1.072927713394163
v -1.5777509212493896 9.595074653625488 -0.9136227369308451
v 0.16201981902122498 8.863381385803223 0.39292854070663646
v 0.2695091962814331 8.717257499694824 0.2938138842582722
v -1.5427062511444092 9.467936515808105 -1.072927713394163
v 0.2695091962814331 8.717257499694824 0.2938138842582722
v -1.5862758159637451 9.294377326965332 -1.1762573719024638
v -1.5427062511444092 9.467936515808105 -1.072927713394163
v 0.2695091962814331 8.717257499694824 0.2938138842582722
v 0.30659425258636475 8.517668724060059 0.2549907565116901
v -1.5862758159637451 9.294377326965332 -1.1762573719024638
v -1.5862758159637451 9.294377326965332 -1.1762573719024638
v -3.4073476791381836 9.244978904724121 -2.565789461135862
v -3.2969350814819336 9.418574333190918 -2.545915842056272
v -1.5862758159637451 9.294377326965332 -1.1762573719024638
v -1.6966886520385742 9.120779991149902 -1.1961305141448955
v -3.4073476791381836 9.244978904724121 -2.565789461135862
v -1.6966886520385742 9.120779991149902 -1.1961305141448955
v -3.555079460144043 9.117852210998535 -2.4968092441558816
v -3.4073476791381836 9.244978904724121 -2.565789461135862
v -1.6966886520385742 9.120779991149902 -1.1961305141448955
v -1.8443970680236816 8.993681907653809 -1.1271557807922343
v -3.555079460144043 9.117852210998535 -2.4968092441558816
v -1.8443970680236816 8.993681907653809 -1.1271557807922343
v -3.700375556945801 9.071412086486816 -2.3575623035430886
v -3.555079460144043 9.117852210998535 -2.4968092441558816
v -1.8443970680236816 8.993681907653809 -1.1271557807922343
v -1.9897613525390625 8.9472017288208 -0.9878586530685405
v -3.700375556945801 9.071412086486816 -2.3575623035430886
v -1.9897613525390625 8.9472017288208 -0.9878586530685405
v -3.804628372192383 9.117926597595215 -2.1850721836090066
v -3.700375556945801 9.071412086486816 -2.3575623035430886
v -1.9897613525390625 8.9472017288208 -0.9878586530685405
v -2.0939579010009766 8.9937162399292 -0.8154383897781352
v -3.804628372192383 9.117926597595215 -2.1850721836090066
v -2.0939579010009766 8.9937162399292 -0.8154383897781352
v -3.839618444442749 9.244996070861816 -2.0258824825286843
v -3.804628372192383 9.117926597595215 -2.1850721836090066
v -2.0939579010009766 8.9937162399292 -0.8154383897781352
v -2.1289567947387695 9.12079906463623 -0.6562272310256938
v -3.839618444442749 9.244996070861816 -2.0258824825286843
v -2.1289567947387695 9.12079906463623 -0.6562272310256938
v -3.7960758209228516 9.418566703796387 -1.9225118160247783
v -3.839618444442749 9.244996070861816 -2.0258824825286843
v -2.1289567947387695 9.12079906463623 -0.6562272310256938
v -2.085414409637451 9.294358253479004 -0.5528653860092142
v -3.7960758209228516 9.418566703796387 -1.9225118160247783
v -2.085414409637451 9.294358253479004 -0.5528653860092142
v -3.6856956481933594 9.5921049118042 -1.9026653766632058
v -3.7960758209228516 9.418566703796387 -1.9225118160247783
v -2.085414409637451 9.294358253479004 -0.5528653860092142
v -1.9750041961669922 9.467965126037598 -0.532993197441099
v -3.6856956481933594 9.5921049118042 -1.9026653766632058
v -1.9750041961669922 9.467965126037598 -0.532993197441099
v -3.5379133224487305 9.719283103942871 -1.9716508388519265
v -3.6856956481933594 9.5921049118042 -1.9026653766632058
v -1.9750041961669922 9.467965126037598 -0.532993197441099
v -1.8272571563720703 9.595101356506348 -0.6019746065139749
v -3.5379133224487305 9.719283103942871 -1.9716508388519265
v -1.8272571563720703 9.595101356506348 -0.6019746065139749
v -3.392528533935547 9.765782356262207 -2.1109678745269753
v -3.5379133224487305 9.719283103942871 -1.9716508388519265
v -1.8272571563720703 9.595101356506348 -0.6019746065139749
v -1.6818904876708984 9.641589164733887 -0.7412763833999613
v -3.392528533935547 9.765782356262207 -2.1109678745269753
v -1.6818904876708984 9.641589164733887 -0.7412763833999613
v -3.28842830657959 9.719265937805176 -2.283267259597776
v -3.392528533935547 9.765782356262207 -2.1109678745269753
v -1.6818904876708984 9.641589164733887 -0.7412763833999613
v -1.5777509212493896 9.595074653625488 -0.9136227369308451
v -3.28842830657959 9.719265937805176 -2.283267259597776
v -1.5777509212493896 9.595074653625488 -0.9136227369308451
v -3.2533512115478516 9.592085838317871 -2.4426476955413796
v -3.28842830657959 9.719265937805176 -2.283267259597776
v -1.5777509212493896 9.595074653625488 -0.9136227369308451
v -1.5427062511444092 9.467936515808105 -1.072927713394163
v -3.2533512115478516 9.592085838317871 -2.4426476955413796
v -1.5427062511444092 9.467936515808105 -1.072927713394163
v -3.2969350814819336 9.418574333190918 -2.545915842056272
v -3.2533512115478516 9.592085838317871 -2.4426476955413796
v -1.5427062511444092 9.467936515808105 -1.072927713394163
v -1.5862758159637451 9.294377326965332 -1.1762573719024638
v -3.2969350814819336 9.418574333190918 -2.545915842056272
v -3.2969350814819336 9.418574333190918 -2.545915842056272
v -3.4073476791381836 9.244978904724121 -2.565789461135862
v -6.620078086853027 11.162487983703613 -3.307475328445432
v -3.4073476791381836 9.244978904724121 -2.565789461135862
v -3.555079460144043 9.117852210998535 -2.4968092441558816
v -6.620078086853027 11.162487983703613 -3.307475328445432
v -3.555079460144043 9.117852210998535 -2.4968092441558816
v -3.700375556945801 9.071412086486816 -2.3575623035430886
v -6.620078086853027 11.162487983703613 -3.307475328445432
v -3.700375556945801 9.071412086486816 -2.3575623035430886
v -3.804628372192383 9.117926597595215 -2.1850721836090066
v -6.620078086853027 11.162487983703613 -3.307475328445432
v -3.804628372192383 9.117926597595215 -2.1850721836090066
v -3.839618444442749 9.244996070861816 -2.0258824825286843
v -6.620078086853027 11.162487983703613 -3.307475328445432
v -3.839618444442749 9.244996070861816 -2.0258824825286843
v -3.7960758209228516 9.418566703796387 -1.9225118160247783
v -6.620078086853027 11.162487983703613 -3.307475328445432
v -3.7960758209228516 9.418566703796387 -1.9225118160247783
v -3.6856956481933594 9.5921049118042 -1.9026653766632058
v -6.620078086853027 11.162487983703613 -3.307475328445432
v -3.6856956481933594 9.5921049118042 -1.9026653766632058
v -3.5379133224487305 9.719283103942871 -1.9716508388519265
v -6.620078086853027 11.162487983703613 -3.307475328445432
v -3.5379133224487305 9.719283103942871 -1.9716508388519265
v -3.392528533935547 9.765782356262207 -2.1109678745269753
v -6.620078086853027 11.162487983703613 -3.307475328445432
v -3.392528533935547 9.765782356262207 -2.1109678745269753
v -3.28842830657959 9.719265937805176 -2.283267259597776
v -6.620078086853027 11.162487983703613 -3.307475328445432
v -3.28842830657959 9.719265937805176 -2.283267259597776
v -3.2533512115478516 9.592085838317871 -2.4426476955413796
v -6.620078086853027 11.162487983703613 -3.307475328445432
v -3.2533512115478516 9.592085838317871 -2.4426476955413796
v -3.2969350814819336 9.418574333190918 -2.545915842056272
v -6.620078086853027 11.162487983703613 -3.307475328445432
vt 1.1874759197235107 2.2034780979156494
vt 1.6092100143432617 2.0325326919555664
vt 1.5928144454956055 1.9833288192749023
vt 1.1874759197235107 2.2034780979156494
vt 1.1831892728805542 2.2600512504577637
vt 1.6092100143432617 2.0325326919555664
vt 1.1831892728805542 2.2600512504577637
vt 1.6340595483779907 2.0685575008392334
vt 1.6092100143432617 2.0325326919555664
vt 1.1831892728805542 2.2600512504577637
vt 1.169021725654602 2.3014674186706543
vt 1.6340595483779907 2.0685575008392334
vt 1.169021725654602 2.3014674186706543
vt 1.6637935638427734 2.0817317962646484
vt 1.6340595483779907 2.0685575008392334
vt 1.169021725654602 2.3014674186706543
vt 1.145501732826233 2.3166232109069824
vt 1.6637935638427734 2.0817317962646484
vt 1.145501732826233 2.3166232109069824
vt 1.6931401491165161 2.0685477256774902
vt 1.6637935638427734 2.0817317962646484
vt 1.145501732826233 2.3166232109069824
vt 1.1164182424545288 2.301464796066284
vt 1.6931401491165161 2.0685477256774902
vt 1.1164182424545288 2.301464796066284
vt 1.7146518230438232 2.032527446746826
vt 1.6931401491165161 2.0685477256774902
vt 1.1164182424545288 2.301464796066284
vt 1.091017484664917 2.260052442550659
vt 1.7146518230438232 2.032527446746826
vt 1.091017484664917 2.260052442550659
vt 1.7199244499206543 1.9833340644836426
vt 1.7146518230438232 2.032527446746826
vt 1.091017484664917 2.260052442550659
vt 1.0805143117904663 2.2034780979156494
vt 1.7199244499206543 1.9833340644836426
vt 1.0805143117904663 2.2034780979156494
vt 1.7027473449707031 1.9341272115707397
vt 1.7199244499206543 1.9833340644836426
vt 1.0805143117904663 2.2034780979156494
vt 1.0899897813796997 2.1469030380249023
vt 1.7027473449707031 1.9341272115707397
vt 1.0899897813796997 2.1469030380249023
vt 1.6659061908721924 1.8980920314788818
vt 1.7027473449707031 1.9341272115707397
vt 1.0899897813796997 2.1469030380249023
vt 1.1144905090332031 2.1054930686950684
vt 1.6659061908721924 1.8980920314788818
vt 1.1144905090332031 2.1054930686950684
vt 1.6254881620407104 1.8849154710769653
vt 1.6659061908721924 1.8980920314788818
vt 1.1144905090332031 2.1054930686950684
vt 1.1431875228881836 2.0903306007385254
vt 1.6254881620407104 1.8849154710769653
vt 1.1431875228881836 2.0903306007385254
vt 1.5979561805725098 1.898099660873413
vt 1.6254881620407104 1.8849154710769653
vt 1.1431875228881836 2.0903306007385254
vt 1.1670351028442383 2.105489492416382
vt 1.5979561805725098 1.898099660873413
vt 1.1670351028442383 2.105489492416382
vt 1.5879043340682983 1.9341353178024292
vt 1.5979561805725098 1.898099660873413
vt 1.1670351028442383 2.105489492416382
vt 1.1820698976516724 2.146906852722168
vt 1.5879043340682983 1.9341353178024292
vt 1.1820698976516724 2.146906852722168
vt 1.5928144454956055 1.9833288192749023
vt 1.5879043340682983 1.9341353178024292
vt 1.1820698976516724 2.146906852722168
vt 1.1874759197235107 2.2034780979156494
vt 1.5928144454956055 1.9833288192749023
vt 0.02351999469101429 1.9833288192749023
vt 0.13985663652420044 1.9973301887512207
vt 0.13419592380523682 1.9481265544891357
vt 0.02351999469101429 1.9833288192749023
vt 0.03991563618183136 2.0325326919555664
vt 0.13985663652420044 1.9973301887512207
vt 0.03991563618183136 2.0325326919555664
vt 0.1509370356798172 2.033362627029419
vt 0.13985663652420044 1.9973301887512207
vt 0.03991563618183136 2.0325326919555664
vt 0.06476504355669022 2.0685575008392334
vt 0.1509370356798172 2.033362627029419
vt 0.06476504355669022 2.0685575008392334
vt 0.16477935016155243 2.046525716781616
vt 0.1509370356798172 2.033362627029419
vt 0.06476504355669022 2.0685575008392334
vt 0.09449908137321472 2.0817317962646484
vt 0.16477935016155243 2.046525716781616
vt 0.09449908137321472 2.0817317962646484
vt 0.17822802066802979 2.033341646194458
vt 0.16477935016155243 2.046525716781616
vt 0.09449908137321472 2.0817317962646484
vt 0.12384559214115143 2.0685477256774902
vt 0.17822802066802979 2.033341646194458
vt 0.12384559214115143 2.0685477256774902
vt 0.1879524290561676 1.9973251819610596
vt 0.17822802066802979 2.033341646194458
vt 0.12384559214115143 2.0685477256774902
vt 0.1453573852777481 2.032527446746826
vt 0.1879524290561676 1.9973251819610596
vt 0.1453573852777481 2.032527446746826
vt 0.19117417931556702 1.9481287002563477
vt 0.1879524290561676 1.9973251819610596
vt 0.1453573852777481 2.032527446746826
vt 0.15062999725341797 1.9833340644836426
vt 0.19117417931556702 1.9481287002563477
vt 0.15062999725341797 1.9833340644836426
vt 0.18643401563167572 1.8989412784576416
vt 0.19117417931556702 1.9481287002563477
vt 0.15062999725341797 1.9833340644836426
vt 0.13345280289649963 1.9341272115707397
vt 0.18643401563167572 1.8989412784576416
vt 0.13345280289649963 1.9341272115707397
vt 0.17452192306518555 1.862894058227539
vt 0.18643401563167572 1.8989412784576416
vt 0.13345280289649963 1.9341272115707397
vt 0.09661167860031128 1.8980920314788818
vt 0.17452192306518555 1.862894058227539
vt 0.09661167860031128 1.8980920314788818
vt 0.15890610218048096 1.8497142791748047
vt 0.17452192306518555 1.862894058227539
vt 0.09661167860031128 1.8980920314788818
vt 0.05619380995631218 1.8849154710769653
vt 0.15890610218048096 1.8497142791748047
vt 0.05619380995631218 1.8849154710769653
vt 0.14456187188625336 1.862898826599121
vt 0.15890610218048096 1.8497142791748047
vt 0.05619380995631218 1.8849154710769653
vt 0.028661834076046944 1.898099660873413
vt 0.14456187188625336 1.862898826599121
vt 0.028661834076046944 1.898099660873413
vt 0.13566963374614716 1.8989466428756714
vt 0.14456187188625336 1.862898826599121
vt 0.028661834076046944 1.898099660873413
vt 0.018609831109642982 1.9341353178024292
vt 0.13566963374614716 1.8989466428756714
vt 0.018609831109642982 1.9341353178024292
vt 0.13419592380523682 1.9481265544891357
vt 0.13566963374614716 1.8989466428756714
vt 0.018609831109642982 1.9341353178024292
vt 0.02351999469101429 1.9833288192749023
vt 0.13419592380523682 1.9481265544891357
vt 0.13419592380523682 1.9481265544891357
vt 0.13985663652420044 1.9973301887512207
vt 0.2282567024230957 1.4538339376449585
vt 0.13985663652420044 1.9973301887512207
vt 0.1509370356798172 2.033362627029419
vt 0.2282567024230957 1.4538339376449585
vt 0.1509370356798172 2.033362627029419
vt 0.16477935016155243 2.046525716781616
vt 0.2282567024230957 1.4538339376449585
vt 0.16477935016155243 2.046525716781616
vt 0.17822802066802979 2.033341646194458
vt 0.2282567024230957 1.4538339376449585
vt 0.17822802066802979 2.033341646194458
vt 0.1879524290561676 1.9973251819610596
vt 0.2282567024230957 1.4538339376449585
vt 0.1879524290561676 1.9973251819610596
vt 0.19117417931556702 1.9481287002563477
vt 0.2282567024230957 1.4538339376449585
vt 0.19117417931556702 1.9481287002563477
vt 0.18643401563167572 1.8989412784576416
vt 0.2282567024230957 1.4538339376449585
vt 0.18643401563167572 1.8989412784576416
vt 0.17452192306518555 1.862894058227539
vt 0.2282567024230957 1.4538339376449585
vt 0.17452192306518555 1.862894058227539
vt 0.15890610218048096 1.8497142791748047
vt 0.2282567024230957 1.4538339376449585
vt 0.15890610218048096 1.8497142791748047
vt 0.14456187188625336 1.862898826599121
vt 0.2282567024230957 1.4538339376449585
vt 0.14456187188625336 1.862898826599121
vt 0.13566963374614716 1.8989466428756714
vt 0.2282567024230957 1.4538339376449585
vt 0.13566963374614716 1.8989466428756714
vt 0.13419592380523682 1.9481265544891357
vt 0.2282567024230957 1.4538339376449585
vn 0.5795759738056565 -0.08207492685352598 -0.8107745660596499
vn 0.45714925753119645 -0.5015565050893078 -0.7344764315764496
vn 0.6242408674931768 0.006330834018560286 -0.7812062851078425
vn 0.5795759738056565 -0.08207492685352598 -0.8107745660596499
vn 0.3539148516965516 -0.5420597851402089 -0.7621781071917234
vn 0.45714925753119645 -0.5015565050893078 -0.7344764315764496
vn 0.3539148516965516 -0.5420597851402089 -0.7621781071917234
vn 0.17371325794902231 -0.8517704765683507 -0.49427801818335126
vn 0.45714925753119645 -0.5015565050893078 -0.7344764315764496
vn 0.3539148516965516 -0.5420597851402089 -0.7621781071917234
vn 0.04465314345208547 -0.8501428908130191 -0.5246552791880881
vn 0.17371325794902231 -0.8517704765683507 -0.49427801818335126
vn 0.04465314345208547 -0.8501428908130191 -0.5246552791880881
vn -0.14337317208066608 -0.9796162544788035 -0.14069871175120194
vn 0.17371325794902231 -0.8517704765683507 -0.49427801818335126
vn 0.04465314345208547 -0.8501428908130191 -0.5246552791880881
vn -0.2775349900026173 -0.9476624079979226 -0.15782993946595206
vn -0.14337317208066608 -0.9796162544788035 -0.14069871175120194
vn -0.2775349900026173 -0.9476624079979226 -0.15782993946595206
vn -0.42759113365578094 -0.8683223484052367 0.2513605412131718
vn -0.14337317208066608 -0.9796162544788035 -0.14069871175120194
vn -0.2775349900026173 -0.9476624079979226 -0.15782993946595206
vn -0.5376423978969582 -0.8006295838544507 0.26444833416124536
vn -0.42759113365578094 -0.8683223484052367 0.2513605412131718
vn -0.5376423978969582 -0.8006295838544507 0.26444833416124536
vn -0.6105204402641036 -0.5212287545973552 0.5963097998529081
vn -0.42759113365578094 -0.8683223484052367 0.2513605412131718
vn -0.5376423978969582 -0.8006295838544507 0.26444833416124536
vn -0.6516969494016986 -0.4225013355727491 0.6299076976667003
vn -0.6105204402641036 -0.5212287545973552 0.5963097998529081
vn -0.6516969494016986 -0.4225013355727491 0.6299076976667003
vn -0.623068593784782 -0.00882786739475413 0.7821173800628108
vn -0.6105204402641036 -0.5212287545973552 0.5963097998529081
vn -0.6516969494016986 -0.4225013355727491 0.6299076976667003
vn -0.5739659633480685 0.07625764516974334 0.8153207003818124
vn -0.623068593784782 -0.00882786739475413 0.7821173800628108
vn -0.5739659633480685 0.07625764516974334 0.8153207003818124
vn -0.45346628166776776 0.5028201510993955 0.7358941683685162
vn -0.623068593784782 -0.00882786739475413 0.7821173800628108
vn -0.5739659633480685 0.07625764516974334 0.8153207003818124
vn -0.3419807823587848 0.5357641534282614 0.7720141944281671
vn -0.45346628166776776 0.5028201510993955 0.7358941683685162
vn -0.3419807823587848 0.5357641534282614 0.7720141944281671
vn -0.16982031352096558 0.8547597616921802 0.49045571758066825
vn -0.45346628166776776 0.5028201510993955 0.7358941683685162
vn -0.3419807823587848 0.5357641534282614 0.7720141944281671
vn -0.03329873815100692 0.8452728948715755 0.5332962846607663
vn -0.16982031352096558 0.8547597616921802 0.49045571758066825
vn -0.03329873815100692 0.8452728948715755 0.5332962846607663
vn 0.1444718944514117 0.9806579660781872 0.1320523581047045
vn -0.16982031352096558 0.8547597616921802 0.49045571758066825
vn -0.03329873815100692 0.8452728948715755 0.5332962846607663
vn 0.28313645729181225 0.9457782706436082 0.15917666075975986
vn 0.1444718944514117 0.9806579660781872 0.1320523581047045
vn 0.28313645729181225 0.9457782706436082 0.15917666075975986
vn 0.42591248712782925 0.8665591228093368 -0.2601419612144479
vn 0.1444718944514117 0.9806579660781872 0.1320523581047045
vn 0.28313645729181225 0.9457782706436082 0.15917666075975986
vn 0.5376757065349999 0.7987085993864437 -0.2701285025098874
vn 0.42591248712782925 0.8665591228093368 -0.2601419612144479
vn 0.5376757065349999 0.7987085993864437 -0.2701285025098874
vn 0.6091580910477041 0.5178584987456282 -0.600623838511294
vn 0.42591248712782925 0.8665591228093368 -0.2601419612144479
vn 0.5376757065349999 0.7987085993864437 -0.2701285025098874
vn 0.6510843665958771 0.4179786165815119 -0.6335479647627722
vn 0.6091580910477041 0.5178584987456282 -0.600623838511294
vn 0.6510843665958771 0.4179786165815119 -0.6335479647627722
vn 0.6242408674931768 0.006330834018560286 -0.7812062851078425
vn 0.6091580910477041 0.5178584987456282 -0.600623838511294
vn 0.6510843665958771 0.4179786165815119 -0.6335479647627722
vn 0.5795759738056565 -0.08207492685352598 -0.8107745660596499
vn 0.6242408674931768 0.006330834018560286 -0.7812062851078425
vn 0.6242408674931768 0.006330834018560286 -0.7812062851078425
vn 0.5346717251064091 -0.4591759156113266 -0.7094248550017376
vn 0.6263197244245893 0.09869902670162482 -0.773293026559052
vn 0.6242408674931768 0.006330834018560286 -0.7812062851078425
vn 0.45714925753119645 -0.5015565050893078 -0.7344764315764496
vn 0.5346717251064091 -0.4591759156113266 -0.7094248550017376
vn 0.45714925753119645 -0.5015565050893078 -0.7344764315764496
vn 0.29576869714816545 -0.844752459552993 -0.4459979370652352
vn 0.5346717251064091 -0.4591759156113266 -0.7094248550017376
vn 0.45714925753119645 -0.5015565050893078 -0.7344764315764496
vn 0.17371325794902231 -0.8517704765683507 -0.49427801818335126
vn 0.29576869714816545 -0.844752459552993 -0.4459979370652352
vn 0.17371325794902231 -0.8517704765683507 -0.49427801818335126
vn 0.005719279352818856 -0.9952299504547608 -0.09738909364758914
vn 0.29576869714816545 -0.844752459552993 -0.4459979370652352
vn 0.17371325794902231 -0.8517704765683507 -0.49427801818335126
vn -0.14337317208066608 -0.9796162544788035 -0.14069871175120194
vn 0.005719279352818856 -0.9952299504547608 -0.09738909364758914
vn -0.14337317208066608 -0.9796162544788035 -0.14069871175120194
vn -0.2806939686871901 -0.921919851476345 0.266973188534858
vn 0.005719279352818856 -0.9952299504547608 -0.09738909364758914
vn -0.14337317208066608 -0.9796162544788035 -0.14069871175120194
vn -0.42759113365578094 -0.8683223484052367 0.2513605412131718
vn -0.2806939686871901 -0.921919851476345 0.266973188534858
vn -0.42759113365578094 -0.8683223484052367 0.2513605412131718
vn -0.5190199572243281 -0.6162149261044793 0.592365975431496
vn -0.2806939686871901 -0.921919851476345 0.266973188534858
vn -0.42759113365578094 -0.8683223484052367 0.2513605412131718
vn -0.6105204402641036 -0.5212287545973552 0.5963097998529081
vn -0.5190199572243281 -0.6162149261044793 0.592365975431496
vn -0.6105204402641036 -0.5212287545973552 0.5963097998529081
vn -0.6263067051858685 -0.09897390438572348 0.7732684380536083
vn -0.5190199572243281 -0.6162149261044793 0.592365975431496
vn -0.6105204402641036 -0.5212287545973552 0.5963097998529081
vn -0.623068593784782 -0.00882786739475413 0.7821173800628108
vn -0.6263067051858685 -0.09897390438572348 0.7732684380536083
vn -0.623068593784782 -0.00882786739475413 0.7821173800628108
vn -0.5346572131692965 0.45922703233973033 0.7094027045159089
vn -0.6263067051858685 -0.09897390438572348 0.7732684380536083
vn -0.623068593784782 -0.00882786739475413 0.7821173800628108
vn -0.45346628166776776 0.5028201510993955 0.7358941683685162
vn -0.5346572131692965 0.45922703233973033 0.7094027045159089
vn -0.45346628166776776 0.5028201510993955 0.7358941683685162
vn -0.29580810296246085 0.8447205914742854 0.446032160904439
vn -0.5346572131692965 0.45922703233973033 0.7094027045159089
vn -0.45346628166776776 0.5028201510993955 0.7358941683685162
vn -0.16982031352096558 0.8547597616921802 0.49045571758066825
vn -0.29580810296246085 0.8447205914742854 0.446032160904439
vn -0.16982031352096558 0.8547597616921802 0.49045571758066825
vn -0.005802384886986557 0.9952201575063585 0.09748420601637149
vn -0.29580810296246085 0.8447205914742854 0.446032160904439
vn -0.16982031352096558 0.8547597616921802 0.49045571758066825
vn 0.1444718944514117 0.9806579660781872 0.1320523581047045
vn -0.005802384886986557 0.9952201575063585 0.09748420601637149
vn 0.1444718944514117 0.9806579660781872 0.1320523581047045
vn 0.28083611568962075 0.9218185501324249 -0.2671734207516161
vn -0.005802384886986557 0.9952201575063585 0.09748420601637149
vn 0.1444718944514117 0.9806579660781872 0.1320523581047045
vn 0.42591248712782925 0.8665591228093368 -0.2601419612144479
vn 0.28083611568962075 0.9218185501324249 -0.2671734207516161
vn 0.42591248712782925 0.8665591228093368 -0.2601419612144479
vn 0.5189688576036385 0.6163385838410405 -0.5922820906514015
vn 0.28083611568962075 0.9218185501324249 -0.2671734207516161
vn 0.42591248712782925 0.8665591228093368 -0.2601419612144479
vn 0.6091580910477041 0.5178584987456282 -0.600623838511294
vn 0.5189688576036385 0.6163385838410405 -0.5922820906514015
vn 0.6091580910477041 0.5178584987456282 -0.600623838511294
vn 0.6263197244245893 0.09869902670162482 -0.773293026559052
vn 0.5189688576036385 0.6163385838410405 -0.5922820906514015
vn 0.6091580910477041 0.5178584987456282 -0.600623838511294
vn 0.6242408674931768 0.006330834018560286 -0.7812062851078425
vn 0.6263197244245893 0.09869902670162482 -0.773293026559052
vn 0.31339517337544825 0.19097129736691706 -0.9302222470393672
vn 0.085474499649238 -0.2316134697406605 -0.9690455668049901
vn -0.678751670846562 0.49391472683440146 -0.5434559889623988
vn 0.085474499649238 -0.2316134697406605 -0.9690455668049901
vn -0.19541725193272744 -0.6003963251997477 -0.7754587998944236
vn -0.678751670846562 0.49391472683440146 -0.5434559889623988
vn -0.19541725193272744 -0.6003963251997477 -0.7754587998944236
vn -0.45947137213710343 -0.8085433866376877 -0.3676188924836508
vn -0.678751670846562 0.49391472683440146 -0.5434559889623988
vn -0.45947137213710343 -0.8085433866376877 -0.3676188924836508
vn -0.6185135279304099 -0.7723630113119696 0.1445558526113157
vn -0.678751670846562 0.49391472683440146 -0.5434559889623988
vn -0.6185135279304099 -0.7723630113119696 0.1445558526113157
vn -0.6232618716822945 -0.5042709844085398 0.5977084687293006
vn -0.678751670846562 0.49391472683440146 -0.5434559889623988
vn -0.6232618716822945 -0.5042709844085398 0.5977084687293006
vn -0.484514796065665 -0.09388360252684097 0.8697305798751871
vn -0.678751670846562 0.49391472683440146 -0.5434559889623988
vn -0.484514796065665 -0.09388360252684097 0.8697305798751871
vn -0.2420643469275606 0.35534166632719916 0.9028494626006834
vn -0.678751670846562 0.49391472683440146 -0.5434559889623988
vn -0.2420643469275606 0.35534166632719916 0.9028494626006834
vn 0.04862357134599436 0.7324240549300882 0.6791102650301555
vn -0.678751670846562 0.49391472683440146 -0.5434559889623988
vn 0.04862357134599436 0.7324240549300882 0.6791102650301555
vn 0.30685796499462725 0.9195143926494815 0.24562465476782144
vn -0.678751670846562 0.49391472683440146 -0.5434559889623988
vn 0.30685796499462725 0.9195143926494815 0.24562465476782144
vn 0.4498514209886995 0.8547644597189965 -0.25886563587262723
vn -0.678751670846562 0.49391472683440146 -0.5434559889623988
vn 0.4498514209886995 0.8547644597189965 -0.25886563587262723
vn 0.4460354975615558 0.5816009552292536 -0.680288662107076
vn -0.678751670846562 0.49391472683440146 -0.5434559889623988
vn 0.4460354975615558 0.5816009552292536 -0.680288662107076
vn 0.31339517337544825 0.19097129736691706 -0.9302222470393672
vn -0.678751670846562 0.49391472683440146 -0.5434559889623988
f 745/745/745 746/746/746 747/747/747
f 748/748/748 749/749/749 750/750/750
f 751/751/751 752/752/752 753/753/753
f 754/754/754 755/755/755 756/756/756
f 757/757/757 758/758/758 759/759/759
f 760/760/760 761/761/761 762/762/762
f 763/763/763 764/764/764 765/765/765
f 766/766/766 767/767/767 768/768/768
f 769/769/769 770/770/770 771/771/771
f 772/772/772 773/773/773 774/774/774
f 775/775/775 776/776/776 777/777/777
f 778/778/778 779/779/779 780/780/780
f 781/781/781 782/782/782 783/783/783
f 784/784/784 785/785/785 786/786/786
f 787/787/787 788/788/788 789/789/789
f 790/790/790 791/791/791 792/792/792
f 793/793/793 794/794/794 795/795/795
f 796/796/796 797/797/797 798/798/798
f 799/799/799 800/800/800 801/801/801
f 802/802/802 803/803/803 804/804/804
f 805/805/805 806/806/806 807/807/807
f 808/808/808 809/809/809 810/810/810
f 811/811/811 812/812/812 813/813/813
f 814/814/814 815/815/815 816/816/816
f 817/817/817 818/818/818 819/819/819
f 820/820/820 821/821/821 822/822/822
f 823/823/823 824/824/824 825/825/825
f 826/826/826 827/827/827 828/828/828
f 829/829/829 830/830/830 831/831/831
f 832/832/832 833/833/833 834/834/834
f 835/835/835 836/836/836 837/837/837
f 838/838/838 839/839/839 840/840/840
f 841/841/841 842/842/842 843/843/843
f 844/844/844 845/845/845 846/846/846
f 847/847/847 848/848/848 849/849/849
f 850/850/850 851/851/851 852/852/852
f 853/853/853 854/854/854 855/855/855
f 856/856/856 857/857/857 858/858/858
f 859/859/859 860/860/860 861/861/861
f 862/862/862 863/863/863 864/864/864
f 865/865/865 866/866/866 867/867/867
f 868/868/868 869/869/869 870/870/870
f 871/871/871 872/872/872 873/873/873
f 874/874/874 875/875/875 876/876/876
f 877/877/877 878/878/878 879/879/879
f 880/880/880 881/881/881 882/882/882
f 883/883/883 884/884/884 885/885/885
f 886/886/886 887/887/887 888/888/888
f 889/889/889 890/890/890 891/891/891
f 892/892/892 893/893/893 894/894/894
f 895/895/895 896/896/896 897/897/897
f 898/898/898 899/899/899 900/900/900
f 901/901/901 902/902/902 903/903/903
f 904/904/904 905/905/905 906/906/906
f 907/907/907 908/908/908 909/909/909
f 910/910/910 911/911/911 912/912/912
f 913/913/913 914/914/914 915/915/915
f 916/916/916 917/917/917 918/918/918
f 919/919/919 920/920/920 921/921/921
f 922/922/922 923/923/923 924/924/924
o Group_1_-_Duplicate_-_Duplicate_-_Duplicate
usemtl Material_1
v 0.8891614079475403 11.918392181396484 -0.3368390798568699
v 2.067918062210083 12.369034767150879 -1.760470271110532
v 2.0477678775787354 12.498745918273926 -1.6791018247604343
v 0.8891614079475403 11.918392181396484 -0.3368390798568699
v 0.8674959540367126 11.769254684448242 -0.37060773372649886
v 2.067918062210083 12.369034767150879 -1.760470271110532
v 0.8674959540367126 11.769254684448242 -0.37060773372649886
v 2.023621082305908 12.274067878723145 -1.8739379644393894
v 2.067918062210083 12.369034767150879 -1.760470271110532
v 0.8674959540367126 11.769254684448242 -0.37060773372649886
v 0.80281001329422 11.660074234008789 -0.45863187313079573
v 2.023621082305908 12.274067878723145 -1.8739379644393894
v 0.80281001329422 11.660074234008789 -0.45863187313079573
v 1.9267778396606445 12.239337921142578 -1.9890536069869968
v 2.023621082305908 12.274067878723145 -1.8739379644393894
v 0.80281001329422 11.660074234008789 -0.45863187313079573
v 0.7124467492103577 11.62012004852295 -0.5773166418075536
v 1.9267778396606445 12.239337921142578 -1.9890536069869968
v 0.7124467492103577 11.62012004852295 -0.5773166418075536
v 1.8032481670379639 12.274093627929688 -2.0750734806060764
v 1.9267778396606445 12.239337921142578 -1.9890536069869968
v 0.7124467492103577 11.62012004852295 -0.5773166418075536
v 0.6205933094024658 11.660080909729004 -0.6948870420455907
v 1.8032481670379639 12.274093627929688 -2.0750734806060764
v 0.6205933094024658 11.660080909729004 -0.6948870420455907
v 1.6862248182296753 12.369049072265625 -2.1088585853576634
v 1.8032481670379639 12.274093627929688 -2.0750734806060764
v 0.6205933094024658 11.660080909729004 -0.6948870420455907
v 0.5518941879272461 11.769251823425293 -0.7798002958297703
v 1.6862248182296753 12.369049072265625 -2.1088585853576634
v 0.5518941879272461 11.769251823425293 -0.7798002958297703
v 1.6070517301559448 12.49873161315918 -2.081384420394895
v 1.6862248182296753 12.369049072265625 -2.1088585853576634
v 0.5518941879272461 11.769251823425293 -0.7798002958297703
v 0.5247330665588379 11.918392181396484 -0.8093355894088718
v 1.6070517301559448 12.49873161315918 -2.081384420394895
v 0.5247330665588379 11.918392181396484 -0.8093355894088718
v 1.5869019031524658 12.628450393676758 -2.000017642974851
v 1.6070517301559448 12.49873161315918 -2.081384420394895
v 0.5247330665588379 11.918392181396484 -0.8093355894088718
v 0.5463993549346924 12.067534446716309 -0.7755650281906101
v 1.5869019031524658 12.628450393676758 -2.000017642974851
v 0.5463993549346924 12.067534446716309 -0.7755650281906101
v 1.6312015056610107 12.723445892333984 -1.8865216970443697
v 1.5869019031524658 12.628450393676758 -2.000017642974851
v 0.5463993549346924 12.067534446716309 -0.7755650281906101
v 0.6110780239105225 12.176698684692383 -0.6875447034835789
v 1.6312015056610107 12.723445892333984 -1.8865216970443697
v 0.6110780239105225 12.176698684692383 -0.6875447034835789
v 1.7280492782592773 12.75818157196045 -1.7714036703109712
v 1.6312015056610107 12.723445892333984 -1.8865216970443697
v 0.6110780239105225 12.176698684692383 -0.6875447034835789
v 0.7014579176902771 12.216669082641602 -0.568843245506284
v 1.7280492782592773 12.75818157196045 -1.7714036703109712
v 0.7014579176902771 12.216669082641602 -0.568843245506284
v 1.8515268564224243 12.72342586517334 -1.6854294538497896
v 1.7280492782592773 12.75818157196045 -1.7714036703109712
v 0.7014579176902771 12.216669082641602 -0.568843245506284
v 0.7932927012443542 12.17670726776123 -0.45129907131194796
v 1.8515268564224243 12.72342586517334 -1.6854294538497896
v 0.7932927012443542 12.17670726776123 -0.45129907131194796
v 1.9686176776885986 12.628429412841797 -1.651605010032651
v 1.8515268564224243 12.72342586517334 -1.6854294538497896
v 0.7932927012443542 12.17670726776123 -0.45129907131194796
v 0.8620052933692932 12.067523956298828 -0.3663648366928074
v 1.9686176776885986 12.628429412841797 -1.651605010032651
v 0.8620052933692932 12.067523956298828 -0.3663648366928074
v 2.0477678775787354 12.498745918273926 -1.6791018247604343
v 1.9686176776885986 12.628429412841797 -1.651605010032651
v 0.8620052933692932 12.067523956298828 -0.3663648366928074
v 0.8891614079475403 11.918392181396484 -0.3368390798568699
v 2.0477678775787354 12.498745918273926 -1.6791018247604343
v 2.0477678775787354 12.498745918273926 -1.6791018247604343
v 3.1718008518218994 12.461835861206055 -2.969846010208127
v 3.15164852142334 12.591546058654785 -2.8884770870208714
v 2.0477678775787354 12.498745918273926 -1.6791018247604343
v 2.067918062210083 12.369034767150879 -1.760470271110532
v 3.1718008518218994 12.461835861206055 -2.969846010208127
v 2.067918062210083 12.369034767150879 -1.760470271110532
v 3.1275007724761963 12.366847038269043 -3.0833303928375217
v 3.1718008518218994 12.461835861206055 -2.969846010208127
v 2.067918062210083 12.369034767150879 -1.760470271110532
v 2.023621082305908 12.274067878723145 -1.8739379644393894
v 3.1275007724761963 12.366847038269043 -3.0833303928375217
v 2.023621082305908 12.274067878723145 -1.8739379644393894
v 3.0306918621063232 12.332147598266602 -3.198393583297727
v 3.1275007724761963 12.366847038269043 -3.0833303928375217
v 2.023621082305908 12.274067878723145 -1.8739379644393894
v 1.9267778396606445 12.239337921142578 -1.9890536069869968
v 3.0306918621063232 12.332147598266602 -3.198393583297727
v 1.9267778396606445 12.239337921142578 -1.9890536069869968
v 2.9071125984191895 12.366902351379395 -3.284457921981809
v 3.0306918621063232 12.332147598266602 -3.198393583297727
v 1.9267778396606445 12.239337921142578 -1.9890536069869968
v 1.8032481670379639 12.274093627929688 -2.0750734806060764
v 2.9071125984191895 12.366902351379395 -3.284457921981809
v 1.8032481670379639 12.274093627929688 -2.0750734806060764
v 2.790104627609253 12.461848258972168 -3.3182356357574436
v 2.9071125984191895 12.366902351379395 -3.284457921981809
v 1.8032481670379639 12.274093627929688 -2.0750734806060764
v 1.6862248182296753 12.369049072265625 -2.1088585853576634
v 2.790104627609253 12.461848258972168 -3.3182356357574436
v 1.6862248182296753 12.369049072265625 -2.1088585853576634
v 2.7109248638153076 12.591540336608887 -3.2907607555389378
v 2.790104627609253 12.461848258972168 -3.3182356357574436
v 1.6862248182296753 12.369049072265625 -2.1088585853576634
v 1.6070517301559448 12.49873161315918 -2.081384420394895
v 2.7109248638153076 12.591540336608887 -3.2907607555389378
v 1.6070517301559448 12.49873161315918 -2.081384420394895
v 2.6907966136932373 12.721206665039062 -3.2094171047210667
v 2.7109248638153076 12.591540336608887 -3.2907607555389378
v 1.6070517301559448 12.49873161315918 -2.081384420394895
v 1.5869019031524658 12.628450393676758 -2.000017642974851
v 2.6907966136932373 12.721206665039062 -3.2094171047210667
v 1.5869019031524658 12.628450393676758 -2.000017642974851
v 2.7350971698760986 12.816234588623047 -3.0958936214446995
v 2.6907966136932373 12.721206665039062 -3.2094171047210667
v 1.5869019031524658 12.628450393676758 -2.000017642974851
v 1.6312015056610107 12.723445892333984 -1.8865216970443697
v 2.7350971698760986 12.816234588623047 -3.0958936214446995
v 1.6312015056610107 12.723445892333984 -1.8865216970443697
v 2.8319544792175293 12.850977897644043 -2.980761289596555
v 2.7350971698760986 12.816234588623047 -3.0958936214446995
v 1.6312015056610107 12.723445892333984 -1.8865216970443697
v 1.7280492782592773 12.75818157196045 -1.7714036703109712
v 2.8319544792175293 12.850977897644043 -2.980761289596555
v 1.7280492782592773 12.75818157196045 -1.7714036703109712
v 2.955400228500366 12.816221237182617 -2.8948199748992893
v 2.8319544792175293 12.850977897644043 -2.980761289596555
v 1.7280492782592773 12.75818157196045 -1.7714036703109712
v 1.8515268564224243 12.72342586517334 -1.6854294538497896
v 2.955400228500366 12.816221237182617 -2.8948199748992893
v 1.8515268564224243 12.72342586517334 -1.6854294538497896
v 3.0725457668304443 12.721193313598633 -2.860968351364133
v 2.955400228500366 12.816221237182617 -2.8948199748992893
v 1.8515268564224243 12.72342586517334 -1.6854294538497896
v 1.9686176776885986 12.628429412841797 -1.651605010032651
v 3.0725457668304443 12.721193313598633 -2.860968351364133
v 1.9686176776885986 12.628429412841797 -1.651605010032651
v 3.15164852142334 12.591546058654785 -2.8884770870208714
v 3.0725457668304443 12.721193313598633 -2.860968351364133
v 1.9686176776885986 12.628429412841797 -1.651605010032651
v 2.0477678775787354 12.498745918273926 -1.6791018247604343
v 3.15164852142334 12.591546058654785 -2.8884770870208714
v 3.15164852142334 12.591546058654785 -2.8884770870208714
v 3.1718008518218994 12.461835861206055 -2.969846010208127
v 3.879988431930542 13.894591331481935 -5.329543113708493
v 3.1718008518218994 12.461835861206055 -2.969846010208127
v 3.1275007724761963 12.366847038269043 -3.0833303928375217
v 3.879988431930542 13.894591331481935 -5.329543113708493
v 3.1275007724761963 12.366847038269043 -3.0833303928375217
v 3.0306918621063232 12.332147598266602 -3.198393583297727
v 3.879988431930542 13.894591331481935 -5.329543113708493
v 3.0306918621063232 12.332147598266602 -3.198393583297727
v 2.9071125984191895 12.366902351379395 -3.284457921981809
v 3.879988431930542 13.894591331481935 -5.329543113708493
v 2.9071125984191895 12.366902351379395 -3.284457921981809
v 2.790104627609253 12.461848258972168 -3.3182356357574436
v 3.879988431930542 13.894591331481935 -5.329543113708493
v 2.790104627609253 12.461848258972168 -3.3182356357574436
v 2.7109248638153076 12.591540336608887 -3.2907607555389378
v 3.879988431930542 13.894591331481935 -5.329543113708493
v 2.7109248638153076 12.591540336608887 -3.2907607555389378
v 2.6907966136932373 12.721206665039062 -3.2094171047210667
v 3.879988431930542 13.894591331481935 -5.329543113708493
v 2.6907966136932373 12.721206665039062 -3.2094171047210667
v 2.7350971698760986 12.816234588623047 -3.0958936214446995
v 3.879988431930542 13.894591331481935 -5.329543113708493
v 2.7350971698760986 12.816234588623047 -3.0958936214446995
v 2.8319544792175293 12.850977897644043 -2.980761289596555
v 3.879988431930542 13.894591331481935 -5.329543113708493
v 2.8319544792175293 12.850977897644043 -2.980761289596555
v 2.955400228500366 12.816221237182617 -2.8948199748992893
v 3.879988431930542 13.894591331481935 -5.329543113708493
v 2.955400228500366 12.816221237182617 -2.8948199748992893
v 3.0725457668304443 12.721193313598633 -2.860968351364133
v 3.879988431930542 13.894591331481935 -5.329543113708493
v 3.0725457668304443 12.721193313598633 -2.860968351364133
v 3.15164852142334 12.591546058654785 -2.8884770870208714
v 3.879988431930542 13.894591331481935 -5.329543113708493
vt 1.2448159456253052 1.23958158493042
vt 1.306347370147705 1.1118520498275757
vt 1.3027116060256958 1.0750867128372192
vt 1.2448159456253052 1.23958158493042
vt 1.2489136457443237 1.2818528413772583
vt 1.306347370147705 1.1118520498275757
vt 1.2489136457443237 1.2818528413772583
vt 1.3136671781539917 1.138769268989563
vt 1.306347370147705 1.1118520498275757
vt 1.2489136457443237 1.2818528413772583
vt 1.260067343711853 1.3127988576889038
vt 1.3136671781539917 1.138769268989563
vt 1.260067343711853 1.3127988576889038
vt 1.3228460550308228 1.1486130952835083
vt 1.3136671781539917 1.138769268989563
vt 1.260067343711853 1.3127988576889038
vt 1.2756706476211548 1.3241233825683594
vt 1.3228460550308228 1.1486130952835083
vt 1.2756706476211548 1.3241233825683594
vt 1.3316714763641357 1.1387619972229004
vt 1.3228460550308228 1.1486130952835083
vt 1.2756706476211548 1.3241233825683594
vt 1.2916783094406128 1.312796950340271
vt 1.3316714763641357 1.1387619972229004
vt 1.2916783094406128 1.312796950340271
vt 1.3379013538360596 1.1118478775024414
vt 1.3316714763641357 1.1387619972229004
vt 1.2916783094406128 1.312796950340271
vt 1.3035955429077148 1.2818536758422852
vt 1.3379013538360596 1.1118478775024414
vt 1.3035955429077148 1.2818536758422852
vt 1.3397680521011353 1.0750908851623535
vt 1.3379013538360596 1.1118478775024414
vt 1.3035955429077148 1.2818536758422852
vt 1.3079736232757568 1.23958158493042
vt 1.3397680521011353 1.0750908851623535
vt 1.3079736232757568 1.23958158493042
vt 1.3365106582641602 1.0383235216140747
vt 1.3397680521011353 1.0750908851623535
vt 1.3079736232757568 1.23958158493042
vt 1.3035129308700562 1.1973087787628174
vt 1.3365106582641602 1.0383235216140747
vt 1.3035129308700562 1.1973087787628174
vt 1.3288228511810303 1.0113980770111084
vt 1.3365106582641602 1.0383235216140747
vt 1.3035129308700562 1.1973087787628174
vt 1.2914724349975586 1.1663674116134644
vt 1.3288228511810303 1.0113980770111084
vt 1.2914724349975586 1.1663674116134644
vt 1.3188960552215576 1.0015525817871094
vt 1.3288228511810303 1.0113980770111084
vt 1.2914724349975586 1.1663674116134644
vt 1.2753407955169678 1.1550382375717163
vt 1.3188960552215576 1.0015525817871094
vt 1.2753407955169678 1.1550382375717163
vt 1.3096978664398193 1.0114037990570068
vt 1.3188960552215576 1.0015525817871094
vt 1.2753407955169678 1.1550382375717163
vt 1.2597088813781738 1.1663650274276733
vt 1.3096978664398193 1.0114037990570068
vt 1.2597088813781738 1.1663650274276733
vt 1.3038331270217896 1.0383294820785522
vt 1.3096978664398193 1.0114037990570068
vt 1.2597088813781738 1.1663650274276733
vt 1.248677372932434 1.1973117589950562
vt 1.3038331270217896 1.0383294820785522
vt 1.248677372932434 1.1973117589950562
vt 1.3027116060256958 1.0750867128372192
vt 1.3038331270217896 1.0383294820785522
vt 1.248677372932434 1.1973117589950562
vt 1.2448159456253052 1.23958158493042
vt 1.3027116060256958 1.0750867128372192
vt 1.3027116060256958 1.0750867128372192
vt 1.3256994485855103 1.0855486392974854
vt 1.3233145475387573 1.0487836599349976
vt 1.3027116060256958 1.0750867128372192
vt 1.306347370147705 1.1118520498275757
vt 1.3256994485855103 1.0855486392974854
vt 1.306347370147705 1.1118520498275757
vt 1.330862283706665 1.1124720573425293
vt 1.3256994485855103 1.0855486392974854
vt 1.306347370147705 1.1118520498275757
vt 1.3136671781539917 1.138769268989563
vt 1.330862283706665 1.1124720573425293
vt 1.3136671781539917 1.138769268989563
vt 1.3374665975570679 1.122307300567627
vt 1.330862283706665 1.1124720573425293
vt 1.3136671781539917 1.138769268989563
vt 1.3228460550308228 1.1486130952835083
vt 1.3374665975570679 1.122307300567627
vt 1.3228460550308228 1.1486130952835083
vt 1.3438774347305298 1.1124563217163086
vt 1.3374665975570679 1.122307300567627
vt 1.3228460550308228 1.1486130952835083
vt 1.3316714763641357 1.1387619972229004
vt 1.3438774347305298 1.1124563217163086
vt 1.3316714763641357 1.1387619972229004
vt 1.3484420776367188 1.0855450630187988
vt 1.3438774347305298 1.1124563217163086
vt 1.3316714763641357 1.1387619972229004
vt 1.3379013538360596 1.1118478775024414
vt 1.3484420776367188 1.0855450630187988
vt 1.3379013538360596 1.1118478775024414
vt 1.349906325340271 1.0487853288650513
vt 1.3484420776367188 1.0855450630187988
vt 1.3379013538360596 1.1118478775024414
vt 1.3397680521011353 1.0750908851623535
vt 1.349906325340271 1.0487853288650513
vt 1.3397680521011353 1.0750908851623535
vt 1.347751498222351 1.0120328664779663
vt 1.349906325340271 1.0487853288650513
vt 1.3397680521011353 1.0750908851623535
vt 1.3365106582641602 1.0383235216140747
vt 1.347751498222351 1.0120328664779663
vt 1.3365106582641602 1.0383235216140747
vt 1.3424547910690308 0.9850982427597046
vt 1.347751498222351 1.0120328664779663
vt 1.3365106582641602 1.0383235216140747
vt 1.3288228511810303 1.0113980770111084
vt 1.3424547910690308 0.9850982427597046
vt 1.3288228511810303 1.0113980770111084
vt 1.3354840278625488 0.9752507209777832
vt 1.3424547910690308 0.9850982427597046
vt 1.3288228511810303 1.0113980770111084
vt 1.3188960552215576 1.0015525817871094
vt 1.3354840278625488 0.9752507209777832
vt 1.3188960552215576 1.0015525817871094
vt 1.3288514614105225 0.9851019978523254
vt 1.3354840278625488 0.9752507209777832
vt 1.3188960552215576 1.0015525817871094
vt 1.3096978664398193 1.0114037990570068
vt 1.3288514614105225 0.9851019978523254
vt 1.3096978664398193 1.0114037990570068
vt 1.3244136571884155 1.0120365619659424
vt 1.3288514614105225 0.9851019978523254
vt 1.3096978664398193 1.0114037990570068
vt 1.3038331270217896 1.0383294820785522
vt 1.3244136571884155 1.0120365619659424
vt 1.3038331270217896 1.0383294820785522
vt 1.3233145475387573 1.0487836599349976
vt 1.3244136571884155 1.0120365619659424
vt 1.3038331270217896 1.0383294820785522
vt 1.3027116060256958 1.0750867128372192
vt 1.3233145475387573 1.0487836599349976
vt 1.3233145475387573 1.0487836599349976
vt 1.3256994485855103 1.0855486392974854
vt 1.37337327003479 0.679450273513794
vt 1.3256994485855103 1.0855486392974854
vt 1.330862283706665 1.1124720573425293
vt 1.37337327003479 0.679450273513794
vt 1.330862283706665 1.1124720573425293
vt 1.3374665975570679 1.122307300567627
vt 1.37337327003479 0.679450273513794
vt 1.3374665975570679 1.122307300567627
vt 1.3438774347305298 1.1124563217163086
vt 1.37337327003479 0.679450273513794
vt 1.3438774347305298 1.1124563217163086
vt 1.3484420776367188 1.0855450630187988
vt 1.37337327003479 0.679450273513794
vt 1.3484420776367188 1.0855450630187988
vt 1.349906325340271 1.0487853288650513
vt 1.37337327003479 0.679450273513794
vt 1.349906325340271 1.0487853288650513
vt 1.347751498222351 1.0120328664779663
vt 1.37337327003479 0.679450273513794
vt 1.347751498222351 1.0120328664779663
vt 1.3424547910690308 0.9850982427597046
vt 1.37337327003479 0.679450273513794
vt 1.3424547910690308 0.9850982427597046
vt 1.3354840278625488 0.9752507209777832
vt 1.37337327003479 0.679450273513794
vt 1.3354840278625488 0.9752507209777832
vt 1.3288514614105225 0.9851019978523254
vt 1.37337327003479 0.679450273513794
vt 1.3288514614105225 0.9851019978523254
vt 1.3244136571884155 1.0120365619659424
vt 1.37337327003479 0.679450273513794
vt 1.3244136571884155 1.0120365619659424
vt 1.3233145475387573 1.0487836599349976
vt 1.37337327003479 0.679450273513794
vn 0.7716173156204625 -0.08207811874074918 0.6307692927359821
vn 0.7033907780121572 -0.5015592581498646 0.5036662823453737
vn 0.7392243515811038 0.00632683028585137 0.673429528048801
vn 0.7716173156204625 -0.08207811874074918 0.6307692927359821
vn 0.7377087761404633 -0.5420590412424313 0.4024397562526299
vn 0.7033907780121572 -0.5015592581498646 0.5036662823453737
vn 0.7377087761404633 -0.5420590412424313 0.4024397562526299
vn 0.4820163407769588 -0.8517703166175267 0.205298745620301
vn 0.7033907780121572 -0.5015592581498646 0.5036662823453737
vn 0.7377087761404633 -0.5420590412424313 0.4024397562526299
vn 0.5206736271314307 -0.8501417170064696 0.07847314836994584
vn 0.4820163407769588 -0.8517703166175267 0.205298745620301
vn 0.5206736271314307 -0.8501417170064696 0.07847314836994584
vn 0.14967244620907968 -0.9796162088873032 -0.13397851369177813
vn 0.4820163407769588 -0.8517703166175267 0.205298745620301
vn 0.5206736271314307 -0.8501417170064696 0.07847314836994584
vn 0.17543979234646903 -0.9476624054964671 -0.266752402932152
vn 0.14967244620907968 -0.9796162088873032 -0.13397851369177813
vn 0.17543979234646903 -0.9476624054964671 -0.266752402932152
vn -0.22319565593904506 -0.8683229042292419 -0.44294360042880676
vn 0.14967244620907968 -0.9796162088873032 -0.13397851369177813
vn 0.17543979234646903 -0.9476624054964671 -0.266752402932152
vn -0.2291433379787179 -0.8006298000602601 -0.5536111034972466
vn -0.22319565593904506 -0.8683229042292419 -0.44294360042880676
vn -0.2291433379787179 -0.8006298000602601 -0.5536111034972466
vn -0.5556013990427643 -0.5212277592026355 -0.6477875488293386
vn -0.22319565593904506 -0.8683229042292419 -0.44294360042880676
vn -0.2291433379787179 -0.8006298000602601 -0.5536111034972466
vn -0.5864667070077029 -0.42250175633670656 -0.6910492511130731
vn -0.5556013990427643 -0.5212277592026355 -0.6477875488293386
vn -0.5864667070077029 -0.42250175633670656 -0.6910492511130731
vn -0.7402082603689374 -0.008828816842425515 -0.6723197031730919
vn -0.5556013990427643 -0.5212277592026355 -0.6477875488293386
vn -0.5864667070077029 -0.42250175633670656 -0.6910492511130731
vn -0.7765164669583191 0.07625826896906693 -0.6254653091550411
vn -0.7402082603689374 -0.008828816842425515 -0.6723197031730919
vn -0.7765164669583191 0.07625826896906693 -0.6254653091550411
vn -0.7050444290588822 0.5028210740609187 -0.5000833135921045
vn -0.7402082603689374 -0.008828816842425515 -0.6723197031730919
vn -0.7765164669583191 0.07625826896906693 -0.6254653091550411
vn -0.7482949210260119 0.5357653294555179 -0.3911652117968759
vn -0.7050444290588822 0.5028210740609187 -0.5000833135921045
vn -0.7482949210260119 0.5357653294555179 -0.3911652117968759
vn -0.4784526532502499 0.8547604157598881 -0.2011658277336868
vn -0.7050444290588822 0.5028210740609187 -0.5000833135921045
vn -0.7482949210260119 0.5357653294555179 -0.3911652117968759
vn -0.5300285424040276 0.8452730503996978 -0.06769944242792414
vn -0.4784526532502499 0.8547604157598881 -0.2011658277336868
vn -0.5300285424040276 0.8452730503996978 -0.06769944242792414
vn -0.14111448618029393 0.9806579804052932 0.1356341669988915
vn -0.4784526532502499 0.8547604157598881 -0.2011658277336868
vn -0.5300285424040276 0.8452730503996978 -0.06769944242792414
vn -0.17714507256310838 0.9457782771161625 0.27225553034198263
vn -0.14111448618029393 0.9806579804052932 0.1356341669988915
vn -0.17714507256310838 0.9457782771161625 0.27225553034198263
vn 0.23206661880689733 0.8665601104370294 0.4418355570061076
vn -0.14111448618029393 0.9806579804052932 0.1356341669988915
vn -0.17714507256310838 0.9457782771161625 0.27225553034198263
vn 0.23480839469677506 0.7987095613104905 0.5540108793617029
vn 0.23206661880689733 0.8665601104370294 0.4418355570061076
vn 0.23480839469677506 0.7987095613104905 0.5540108793617029
vn 0.559994247221894 0.5178575805547954 0.6467070197085523
vn 0.23206661880689733 0.8665601104370294 0.4418355570061076
vn 0.23480839469677506 0.7987095613104905 0.5540108793617029
vn 0.5901406843896578 0.41797547402761237 0.6906739286664144
vn 0.559994247221894 0.5178575805547954 0.6467070197085523
vn 0.5901406843896578 0.41797547402761237 0.6906739286664144
vn 0.7392243515811038 0.00632683028585137 0.673429528048801
vn 0.559994247221894 0.5178575805547954 0.6467070197085523
vn 0.5901406843896578 0.41797547402761237 0.6906739286664144
vn 0.7716173156204625 -0.08207811874074918 0.6307692927359821
vn 0.7392243515811038 0.00632683028585137 0.673429528048801
vn 0.7392243515811038 0.00632683028585137 0.673429528048801
vn 0.673381545448055 -0.4591772707356801 0.5794079118287226
vn 0.7311932849081932 0.09869631866364605 0.6749929012866801
vn 0.7392243515811038 0.00632683028585137 0.673429528048801
vn 0.7033907780121572 -0.5015592581498646 0.5036662823453737
vn 0.673381545448055 -0.4591772707356801 0.5794079118287226
vn 0.7033907780121572 -0.5015592581498646 0.5036662823453737
vn 0.42594648858698875 -0.8447534138697882 0.3239772501515388
vn 0.673381545448055 -0.4591772707356801 0.5794079118287226
vn 0.7033907780121572 -0.5015592581498646 0.5036662823453737
vn 0.4820163407769588 -0.8517703166175267 0.205298745620301
vn 0.42594648858698875 -0.8447534138697882 0.3239772501515388
vn 0.4820163407769588 -0.8517703166175267 0.205298745620301
vn 0.0968166838753616 -0.9952298495068519 0.012003181825969832
vn 0.42594648858698875 -0.8447534138697882 0.3239772501515388
vn 0.4820163407769588 -0.8517703166175267 0.205298745620301
vn 0.14967244620907968 -0.9796162088873032 -0.13397851369177813
vn 0.0968166838753616 -0.9952298495068519 0.012003181825969832
vn 0.14967244620907968 -0.9796162088873032 -0.13397851369177813
vn -0.24827160132390594 -0.9219200086065185 -0.29736292591212576
vn 0.0968166838753616 -0.9952298495068519 0.012003181825969832
vn 0.14967244620907968 -0.9796162088873032 -0.13397851369177813
vn -0.22319565593904506 -0.8683229042292419 -0.44294360042880676
vn -0.24827160132390594 -0.9219200086065185 -0.29736292591212576
vn -0.22319565593904506 -0.8683229042292419 -0.44294360042880676
vn -0.5575798513278879 -0.6162143088117394 -0.5562235476935874
vn -0.24827160132390594 -0.9219200086065185 -0.29736292591212576
vn -0.22319565593904506 -0.8683229042292419 -0.44294360042880676
vn -0.5556013990427643 -0.5212277592026355 -0.6477875488293386
vn -0.5575798513278879 -0.6162143088117394 -0.5562235476935874
vn -0.5556013990427643 -0.5212277592026355 -0.6477875488293386
vn -0.7311686373321156 -0.09897413979687802 -0.6749789207326146
vn -0.5575798513278879 -0.6162143088117394 -0.5562235476935874
vn -0.5556013990427643 -0.5212277592026355 -0.6477875488293386
vn -0.7402082603689374 -0.008828816842425515 -0.6723197031730919
vn -0.7311686373321156 -0.09897413979687802 -0.6749789207326146
vn -0.7402082603689374 -0.008828816842425515 -0.6723197031730919
vn -0.6733600587858649 0.45922822378152844 -0.57939250056793
vn -0.7311686373321156 -0.09897413979687802 -0.6749789207326146
vn -0.7402082603689374 -0.008828816842425515 -0.6723197031730919
vn -0.7050444290588822 0.5028210740609187 -0.5000833135921045
vn -0.6733600587858649 0.45922822378152844 -0.57939250056793
vn -0.7050444290588822 0.5028210740609187 -0.5000833135921045
vn -0.42597960875432656 0.8447203527034948 -0.3240199047188217
vn -0.6733600587858649 0.45922822378152844 -0.57939250056793
vn -0.7050444290588822 0.5028210740609187 -0.5000833135921045
vn -0.4784526532502499 0.8547604157598881 -0.2011658277336868
vn -0.42597960875432656 0.8447203527034948 -0.3240199047188217
vn -0.4784526532502499 0.8547604157598881 -0.2011658277336868
vn -0.09690462094515431 0.995220231299193 -0.012090725877975658
vn -0.42597960875432656 0.8447203527034948 -0.3240199047188217
vn -0.4784526532502499 0.8547604157598881 -0.2011658277336868
vn -0.14111448618029393 0.9806579804052932 0.1356341669988915
vn -0.09690462094515431 0.995220231299193 -0.012090725877975658
vn -0.14111448618029393 0.9806579804052932 0.1356341669988915
vn 0.24846148746459823 0.9218190407198884 0.29751730271220206
vn -0.09690462094515431 0.995220231299193 -0.012090725877975658
vn -0.14111448618029393 0.9806579804052932 0.1356341669988915
vn 0.23206661880689733 0.8665601104370294 0.4418355570061076
vn 0.24846148746459823 0.9218190407198884 0.29751730271220206
vn 0.23206661880689733 0.8665601104370294 0.4418355570061076
vn 0.557499020389715 0.6163388151227374 0.5561666182337882
vn 0.24846148746459823 0.9218190407198884 0.29751730271220206
vn 0.23206661880689733 0.8665601104370294 0.4418355570061076
vn 0.559994247221894 0.5178575805547954 0.6467070197085523
vn 0.557499020389715 0.6163388151227374 0.5561666182337882
vn 0.559994247221894 0.5178575805547954 0.6467070197085523
vn 0.7311932849081932 0.09869631866364605 0.6749929012866801
vn 0.557499020389715 0.6163388151227374 0.5561666182337882
vn 0.559994247221894 0.5178575805547954 0.6467070197085523
vn 0.7392243515811038 0.00632683028585137 0.673429528048801
vn 0.7311932849081932 0.09869631866364605 0.6749929012866801
vn 0.9080213139617629 0.19096827388742266 0.3728651388365662
vn 0.9614946319117146 -0.23161205933780724 0.14793216950432547
vn 0.5861910928839215 0.4939142852006773 -0.6422061051549243
vn 0.9614946319117146 -0.23161205933780724 0.14793216950432547
vn 0.7864681184667729 -0.6003964912162516 -0.1448859964611754
vn 0.5861910928839215 0.4939142852006773 -0.6422061051549243
vn 0.7864681184667729 -0.6003964912162516 -0.1448859964611754
vn 0.3965508194539551 -0.8085428176100514 -0.43474815661667343
vn 0.5861910928839215 0.4939142852006773 -0.6422061051549243
vn 0.3965508194539551 -0.8085428176100514 -0.43474815661667343
vn -0.10427504980014916 -0.7723627880384148 -0.6265639932542431
vn 0.5861910928839215 0.4939142852006773 -0.6422061051549243
vn -0.10427504980014916 -0.7723627880384148 -0.6265639932542431
vn -0.5561741852439637 -0.5042698080404768 -0.660592337502513
vn 0.5861910928839215 0.4939142852006773 -0.6422061051549243
vn -0.5561741852439637 -0.5042698080404768 -0.660592337502513
vn -0.8365948621470226 -0.09388283520156644 -0.5397175649205052
vn 0.5861910928839215 0.4939142852006773 -0.6422061051549243
vn -0.8365948621470226 -0.09388283520156644 -0.5397175649205052
vn -0.8853151820162486 0.35534290155067705 -0.2999140723758761
vn 0.5861910928839215 0.4939142852006773 -0.6422061051549243
vn -0.8853151820162486 0.35534290155067705 -0.2999140723758761
vn -0.680834225273832 0.7324229387535203 0.004625633301294288
vn 0.5861910928839215 0.4939142852006773 -0.6422061051549243
vn -0.680834225273832 0.7324229387535203 0.004625633301294288
vn -0.2649429177485955 0.9195146086131565 0.29034141089733395
vn 0.5861910928839215 0.4939142852006773 -0.6422061051549243
vn -0.2649429177485955 0.9195146086131565 0.29034141089733395
vn 0.22924603271291089 0.85476493305744 0.46564274470961237
vn 0.5861910928839215 0.4939142852006773 -0.6422061051549243
vn 0.22924603271291089 0.85476493305744 0.46564274470961237
vn 0.6500376296732326 0.5815992802687627 0.48907397927068474
vn 0.5861910928839215 0.4939142852006773 -0.6422061051549243
vn 0.6500376296732326 0.5815992802687627 0.48907397927068474
vn 0.9080213139617629 0.19096827388742266 0.3728651388365662
vn 0.5861910928839215 0.4939142852006773 -0.6422061051549243
f 925/925/925 926/926/926 927/927/927
f 928/928/928 929/929/929 930/930/930
f 931/931/931 932/932/932 933/933/933
f 934/934/934 935/935/935 936/936/936
f 937/937/937 938/938/938 939/939/939
f 940/940/940 941/941/941 942/942/942
f 943/943/943 944/944/944 945/945/945
f 946/946/946 947/947/947 948/948/948
f 949/949/949 950/950/950 951/951/951
f 952/952/952 953/953/953 954/954/954
f 955/955/955 956/956/956 957/957/957
f 958/958/958 959/959/959 960/960/960
f 961/961/961 962/962/962 963/963/963
f 964/964/964 965/965/965 966/966/966
f 967/967/967 968/968/968 969/969/969
f 970/970/970 971/971/971 972/972/972
f 973/973/973 974/974/974 975/975/975
f 976/976/976 977/977/977 978/978/978
f 979/979/979 980/980/980 981/981/981
f 982/982/982 983/983/983 984/984/984
f 985/985/985 986/986/986 987/987/987
f 988/988/988 989/989/989 990/990/990
f 991/991/991 992/992/992 993/993/993
f 994/994/994 995/995/995 996/996/996
f 997/997/997 998/998/998 999/999/999
f 1000/1000/1000 1001/1001/1001 1002/1002/1002
f 1003/1003/1003 1004/1004/1004 1005/1005/1005
f 1006/1006/1006 1007/1007/1007 1008/1008/1008
f 1009/1009/1009 1010/1010/1010 1011/1011/1011
f 1012/1012/1012 1013/1013/1013 1014/1014/1014
f 1015/1015/1015 1016/1016/1016 1017/1017/1017
f 1018/1018/1018 1019/1019/1019 1020/1020/1020
f 1021/1021/1021 1022/1022/1022 1023/1023/1023
f 1024/1024/1024 1025/1025/1025 1026/1026/1026
f 1027/1027/1027 1028/1028/1028 1029/1029/1029
f 1030/1030/1030 1031/1031/1031 1032/1032/1032
f 1033/1033/1033 1034/1034/1034 1035/1035/1035
f 1036/1036/1036 1037/1037/1037 1038/1038/1038
f 1039/1039/1039 1040/1040/1040 1041/1041/1041
f 1042/1042/1042 1043/1043/1043 1044/1044/1044
f 1045/1045/1045 1046/1046/1046 1047/1047/1047
f 1048/1048/1048 1049/1049/1049 1050/1050/1050
f 1051/1051/1051 1052/1052/1052 1053/1053/1053
f 1054/1054/1054 1055/1055/1055 1056/1056/1056
f 1057/1057/1057 1058/1058/1058 1059/1059/1059
f 1060/1060/1060 1061/1061/1061 1062/1062/1062
f 1063/1063/1063 1064/1064/1064 1065/1065/1065
f 1066/1066/1066 1067/1067/1067 1068/1068/1068
f 1069/1069/1069 1070/1070/1070 1071/1071/1071
f 1072/1072/1072 1073/1073/1073 1074/1074/1074
f 1075/1075/1075 1076/1076/1076 1077/1077/1077
f 1078/1078/1078 1079/1079/1079 1080/1080/1080
f 1081/1081/1081 1082/1082/1082 1083/1083/1083
f 1084/1084/1084 1085/1085/1085 1086/1086/1086
f 1087/1087/1087 1088/1088/1088 1089/1089/1089
f 1090/1090/1090 1091/1091/1091 1092/1092/1092
f 1093/1093/1093 1094/1094/1094 1095/1095/1095
f 1096/1096/1096 1097/1097/1097 1098/1098/1098
f 1099/1099/1099 1100/1100/1100 1101/1101/1101
f 1102/1102/1102 1103/1103/1103 1104/1104/1104
